game,name,link,affiliation,gender,race,role,games,status
Fallout 1,Fallout characters,https://fallout.fandom.com/wiki/Fallout_characters,,,,,,
Fallout 1,Fallout doctors,https://fallout.fandom.com/wiki/Fallout_doctors,,,,,,
Fallout 1,Fallout merchants,https://fallout.fandom.com/wiki/Fallout_merchants,,,,,,
Fallout 1,Abel,https://fallout.fandom.com/wiki/Abel,Master's Army,Male,Super mutant,Guard,,
Fallout 1,Adytum citizen,https://fallout.fandom.com/wiki/Adytum_citizen,Adytum,"Male, Female",Human,Townsfolk,,
Fallout 1,Albert Cole,https://fallout.fandom.com/wiki/Albert_Cole,Vault 13,Male,Human,Player character,,
Fallout 1,Alya,https://fallout.fandom.com/wiki/Alya,Khans,Female,Human,"Garl, 's tactician",,
Fallout 1,Andrew (Fallout),https://fallout.fandom.com/wiki/Andrew_(Fallout),Junktown,Male,Human,Prison guard,,
Fallout 1,Anthony (Lost Hills),https://fallout.fandom.com/wiki/Anthony_(Lost_Hills),Brotherhood of Steel,Male,Human,,,
Fallout 1,Aradesh,https://fallout.fandom.com/wiki/Aradesh,"Shady Sands, New California Republic",Male,Human,"Elder of Shady Sands, [, 2, ], Founder of the NCR, First NCR President (2189–2196), [, 3, ]",,"Missing, presumed deceased"
Fallout 1,Barry (Fallout),https://fallout.fandom.com/wiki/Barry_(Fallout),Unity,Male,Super mutant,Guard,,
Fallout 1,Bob (Fallout),https://fallout.fandom.com/wiki/Bob_(Fallout),Gizmo,Male,Human,Gambler,,
Fallout 1,Boxing guard,https://fallout.fandom.com/wiki/Boxing_guard,Gustofer,Male,Human,Guard,,
Fallout 1,Brenden,https://fallout.fandom.com/wiki/Brenden,Brotherhood of Steel,Male,Human,,,
Fallout 1,Brotherhood guard,https://fallout.fandom.com/wiki/Brotherhood_guard,Brotherhood of Steel,"Male, Female",,Guard,,
Fallout 1,Brotherhood student,https://fallout.fandom.com/wiki/Brotherhood_student,Brotherhood of Steel,"Male, Female",Human,Trainees,,
Fallout 1,Brotherhood supply guard,https://fallout.fandom.com/wiki/Brotherhood_supply_guard,Brotherhood of Steel,"Male, Female",Human,Supply guard,,
Fallout 1,Cabbot,https://fallout.fandom.com/wiki/Cabbot,Brotherhood of Steel,Male,Human,Guard,,
Fallout 1,Calder,https://fallout.fandom.com/wiki/Calder,"Children of the Cathedral, Unity",Male,Human,Flower child,,
Fallout 1,Caleb (Fallout),https://fallout.fandom.com/wiki/Caleb_(Fallout),Regulators,Male,Human,Regulators' leader,,
Fallout 1,Chanter of the Children,https://fallout.fandom.com/wiki/Chanter_of_the_Children,Unity,,Human,Chanter,,
Fallout 1,Child (Fallout),https://fallout.fandom.com/wiki/Child_(Fallout),,"Male, Female",Human,,,
Fallout 1,Child with a real attitude,https://fallout.fandom.com/wiki/Child_with_a_real_attitude,Unity,Male,Human,Thug,,
Fallout 1,Children of the Cathedral member,https://fallout.fandom.com/wiki/Children_of_the_Cathedral_member,Unity,,Human,Follower of the Unity,,
Fallout 1,Children of the Cathedral technician,https://fallout.fandom.com/wiki/Children_of_the_Cathedral_technician,Unity,,Human,Technician,,
Fallout 1,Christine (Blades),https://fallout.fandom.com/wiki/Christine_(Blades),Blades,Female,Human,,,
Fallout 1,Christopher Avellone (Fallout),https://fallout.fandom.com/wiki/Christopher_Avellone_(Fallout),,Male,Human,Bounty hunter,,
Fallout 1,Chuck (Fallout),https://fallout.fandom.com/wiki/Chuck_(Fallout),Adytum,Male,Human,Fortune teller,,
Fallout 1,Cindy (Fallout),https://fallout.fandom.com/wiki/Cindy_(Fallout),Rebel faction,Female,Human,Vault dweller,,
Fallout 1,Cook (Fallout),https://fallout.fandom.com/wiki/Cook_(Fallout),Shady Sands,Female,Human,Cook,,
Fallout 1,Cougar (Fallout),https://fallout.fandom.com/wiki/Cougar_(Fallout),Doc Morbid,Male,Human,Bodyguard,,
Fallout 1,Crack assault paladin,https://fallout.fandom.com/wiki/Crack_assault_paladin,Brotherhood of Steel,,Human,Brotherhood attack squad,,
Fallout 1,Crazed raider,https://fallout.fandom.com/wiki/Crazed_raider,Skulz,,Human,Raider,,
Fallout 1,Curtis (Fallout),https://fallout.fandom.com/wiki/Curtis_(Fallout),Shady Sands,Male,Human,Farmer,,
Fallout 1,Dane (Fallout),https://fallout.fandom.com/wiki/Dane_(Fallout),Children of the Cathedral,Male,Human,Cultist,,
Fallout 1,Darrel,https://fallout.fandom.com/wiki/Darrel,Brotherhood of Steel,Male,Human,Guard,,
Fallout 1,Derek (Fallout),https://fallout.fandom.com/wiki/Derek_(Fallout),Brotherhood of Steel,Male,Human,Assistant,,
Fallout 1,Diana (Fallout),https://fallout.fandom.com/wiki/Diana_(Fallout),Khans,Female,Human,Armorer/Ordnance Expert,,
Fallout 1,Dogmeat (Fallout),https://fallout.fandom.com/wiki/Dogmeat_(Fallout),"Vault Dweller, (optional), Chosen One, (optional)",Male,Dog,"Stray dog, Companion, (optional)",,
Fallout 1,Dominic Moore,https://fallout.fandom.com/wiki/Dominic_Moore,Master,Male,"Human, psyker",Pyroknetic-dominant psyker,,
Fallout 1,Dugan,https://fallout.fandom.com/wiki/Dugan,Blades,Male,Human,Nuka-cola addict,,
Fallout 1,Ed (Fallout),https://fallout.fandom.com/wiki/Ed_(Fallout),Vault 13,Male,Human,Vault 13 citizen,,
Fallout 1,Elder (Fallout),https://fallout.fandom.com/wiki/Elder_(Fallout),Brotherhood of Steel,"Male, Female",Human,Leaders,,
Fallout 1,Farli,https://fallout.fandom.com/wiki/Farli,Brotherhood of Steel,Male,Human,Warrior,,
Fallout 1,Flash (Fallout),https://fallout.fandom.com/wiki/Flash_(Fallout),Doc Morbid,Male,Human,"Bodyguard, Citizen",,
Fallout 1,Flip,https://fallout.fandom.com/wiki/Flip,"Master's Army, Sarah",Male,Super mutant,Guard,,
Fallout 1,Follower invader,https://fallout.fandom.com/wiki/Follower_invader,Followers of the Apocalypse,"Male, Female",Human,Cathedral invader,,
Fallout 1,Follower scholar,https://fallout.fandom.com/wiki/Follower_scholar,Followers of the Apocalypse,"Male, Female",Human,Scholar,,
Fallout 1,Francis (Fallout),https://fallout.fandom.com/wiki/Francis_(Fallout),Children of the Cathedral,Female,Human,Sister,,
Fallout 1,Gabriel (Gun Runners),https://fallout.fandom.com/wiki/Gabriel_(Gun_Runners),Gun Runners,Male,Human,Gun Runners' leader,,
Fallout 1,Ganger (character),https://fallout.fandom.com/wiki/Ganger_(character),Set,Male,Ghoul,Gang member,,
Fallout 1,Garl Death-Hand,https://fallout.fandom.com/wiki/Garl_Death-Hand,Khans,Male,Human,Leader of the Khans,,
Fallout 1,Garret,https://fallout.fandom.com/wiki/Garret,"Set, Necropolis",Male,Ghoul,Bodyguard,,
Fallout 1,Gary (Fallout),https://fallout.fandom.com/wiki/Gary_(Fallout),Unity,Male,Super mutant,Guard,,
Fallout 1,Ghoul gang guard,https://fallout.fandom.com/wiki/Ghoul_gang_guard,Set,,Ghoul,"Guards of, Set, 's room",,
Fallout 1,Ghoul leader,https://fallout.fandom.com/wiki/Ghoul_leader,"Underground ghouls, Necropolis",Male,Ghoul,Leader,,
Fallout 1,Ghoul lookout,https://fallout.fandom.com/wiki/Ghoul_lookout,"Underground ghouls, Necropolis",,Ghoul,Lookouts,,
Fallout 1,Ghoul manager,https://fallout.fandom.com/wiki/Ghoul_manager,Set,Male,Ghoul,Hotel manager,,
Fallout 1,Ghoul prisoner (Fallout),https://fallout.fandom.com/wiki/Ghoul_prisoner_(Fallout),Set,Male,Ghoul,Prisoner,,
Fallout 1,Ghoul refugee,https://fallout.fandom.com/wiki/Ghoul_refugee,Set,,Ghoul,,,
Fallout 1,Ghoul sentry,https://fallout.fandom.com/wiki/Ghoul_sentry,Set,,"Ghoul, Glowing one","Guard of the, Hall of the Dead, Vault 12, guard",,
Fallout 1,Ghoul undergrounder,https://fallout.fandom.com/wiki/Ghoul_undergrounder,"Ghoul leader, Underground ghouls, Necropolis",,Ghoul,Undergrounder,,
Fallout 1,Gideon,https://fallout.fandom.com/wiki/Gideon,Master,Male,"Human, psyker","Receiving-telepathic dominant psyker, Minor photo-kinetic psyker",,
Fallout 1,Gizmo,https://fallout.fandom.com/wiki/Gizmo,Junktown,Male,Human,Casino owner,,
Fallout 1,Gizmo's guard,https://fallout.fandom.com/wiki/Gizmo%27s_guard,Gizmo,Male,Human,Guard,,
Fallout 1,Greg (Fallout),https://fallout.fandom.com/wiki/Greg_(Fallout),Blades,Male,Human,Junkie,,
Fallout 1,Gretch,https://fallout.fandom.com/wiki/Gretch,Doc Morbid,Male,Human,Assistant,,
Fallout 1,Gun Runner (character),https://fallout.fandom.com/wiki/Gun_Runner_(character),Gun Runners,"Male, Female",Human,Gun Runner,,
Fallout 1,Gustofer,https://fallout.fandom.com/wiki/Gustofer,Gizmo,Male,Human,Betting master,,
Fallout 1,Gwen (Fallout),https://fallout.fandom.com/wiki/Gwen_(Fallout),Khans,Female,Human,"Garl, 's advisor",,
Fallout 1,Harold,https://fallout.fandom.com/wiki/Harold,"Treeminders, Bob",Male,"FEV, mutant, Numen","Informant, Foreman, [, 1, ], of Gecko, Treeminder deity",,
Fallout 1,Harriet (Fallout),https://fallout.fandom.com/wiki/Harriet_(Fallout),Junktown,Female,Human,Wife,,
Fallout 1,Harry (Fallout),https://fallout.fandom.com/wiki/Harry_(Fallout),Unity,Male,"Super mutant, (cyborg), [, 1, ]",Soldier,,
Fallout 1,Ian (Fallout),https://fallout.fandom.com/wiki/Ian_(Fallout),"Crimson Caravan, (formerly), Shady Sands, Vault Dweller",Male,Human,"Merchant, guard, Companion",,
Fallout 1,Initiate (Lost Hills),https://fallout.fandom.com/wiki/Initiate_(Lost_Hills),Brotherhood of Steel,"Male, Female",Human,Trainees,,
Fallout 1,Ismarc,https://fallout.fandom.com/wiki/Ismarc,,Male,Human,Singer,,
Fallout 1,Izo,https://fallout.fandom.com/wiki/Izo,Gizmo,Male,Human,Bodyguard,,
Fallout 1,Jacob (Lost Hills),https://fallout.fandom.com/wiki/Jacob_(Lost_Hills),Brotherhood of Steel,Male,Human,Leader,,
Fallout 1,Jarvis,https://fallout.fandom.com/wiki/Jarvis,Shady Sands,Male,Human,,,
Fallout 1,Jason Zimmerman,https://fallout.fandom.com/wiki/Jason_Zimmerman,Adytum,Male,Human,"Deceased son, martyr",,
Fallout 1,Jennifer (Fallout),https://fallout.fandom.com/wiki/Jennifer_(Fallout),Brotherhood of Steel,Female,Human,"Guard, Soldier",,
Fallout 1,Jeremiah (Fallout),https://fallout.fandom.com/wiki/Jeremiah_(Fallout),Children of the Cathedral,Male,Human,"Messenger, Cult member",,
Fallout 1,Jerry (Lost Hills),https://fallout.fandom.com/wiki/Jerry_(Lost_Hills),Brotherhood of Steel,Male,Human,Roomie,,
Fallout 1,Jon Zimmerman,https://fallout.fandom.com/wiki/Jon_Zimmerman,Adytum,Male,Human,Mayor,,
Fallout 1,Jonathan (Elder),https://fallout.fandom.com/wiki/Jonathan_(Elder),Brotherhood of Steel,Male,Human,Leader,,
Fallout 1,Jonathan (Initiate),https://fallout.fandom.com/wiki/Jonathan_(Initiate),Brotherhood of Steel,Male,Human,Missing member,,
Fallout 1,Junktown gambler,https://fallout.fandom.com/wiki/Junktown_gambler,,"Male, Female",Human,Gambler,,
Fallout 1,Junktown guard,https://fallout.fandom.com/wiki/Junktown_guard,Junktown,Male,Human,Guard,,
Fallout 1,Junktown peasant,https://fallout.fandom.com/wiki/Junktown_peasant,Junktown,Male,Human,Peasant,,
Fallout 1,Junktown scout,https://fallout.fandom.com/wiki/Junktown_scout,Junktown,Male,Human,Scouts,,
Fallout 1,Junktown scouts,https://fallout.fandom.com/wiki/Junktown_scouts,,,,,,
Fallout 1,Kalnor,https://fallout.fandom.com/wiki/Kalnor,Junktown,Male,Human,Guard,,
Fallout 1,Katja,https://fallout.fandom.com/wiki/Katja,"Vault Dweller, (optional)",Female,Human,"Companion, (optional), Scavenger",,
Fallout 1,Katrina,https://fallout.fandom.com/wiki/Katrina,Shady Sands,Female,Human,Greeter,,
Fallout 1,Kenji,https://fallout.fandom.com/wiki/Kenji,Gizmo,Male,Human,Assassin,,
Fallout 1,Khan raider (Fallout),https://fallout.fandom.com/wiki/Khan_raider_(Fallout),Garl Death-Hand,"Male, Female",Human,Raider,,
Fallout 1,Khans prisoner,https://fallout.fandom.com/wiki/Khans_prisoner,,Female,Human,Prisoner,,
Fallout 1,Killian Darkwater,https://fallout.fandom.com/wiki/Killian_Darkwater,Junktown,Male,Human,"Mayor of Junktown, Store owner",,
Fallout 1,Knight (Fallout),https://fallout.fandom.com/wiki/Knight_(Fallout),Brotherhood of Steel,"Male, Female",Human,Repairmen,,
Fallout 1,Krupper,https://fallout.fandom.com/wiki/Krupper,Master's Army,Male,Super mutant,Prison guard,,
Fallout 1,Kyle (Brotherhood),https://fallout.fandom.com/wiki/Kyle_(Brotherhood),Brotherhood of Steel,Male,Human,Mechanic,,
Fallout 1,Kyle (super mutant),https://fallout.fandom.com/wiki/Kyle_(super_mutant),Master's Army,Male,"Mariposa super mutant, (, Nightkin, )",Guard,,
Fallout 1,Lance (Fallout),https://fallout.fandom.com/wiki/Lance_(Fallout),Shady Sands,Male,Human,Guard,,
Fallout 1,Larry (Lost Hills),https://fallout.fandom.com/wiki/Larry_(Lost_Hills),Brotherhood of Steel,Male,Human,Repairman,,
Fallout 1,Larry (Necropolis),https://fallout.fandom.com/wiki/Larry_(Necropolis),Unity,Male,Super mutant,Soldier,,
Fallout 1,Lars (Fallout),https://fallout.fandom.com/wiki/Lars_(Fallout),Junktown,Male,Human,Chief guard,,
Fallout 1,Lasher,https://fallout.fandom.com/wiki/Lasher,Children of the Cathedral,Male,Human,Second-in-Command,,
Fallout 1,Laura (Fallout),https://fallout.fandom.com/wiki/Laura_(Fallout),"Followers of the Apocalypse, Children of the Cathedral, (undercover)",Female,Human,Followers' spy,,
Fallout 1,Lenore,https://fallout.fandom.com/wiki/Lenore,Junktown,Female,Human,Citizen,,
Fallout 1,Leone,https://fallout.fandom.com/wiki/Leone,Friendly Lending Company,Male,Human,Guard,,
Fallout 1,Lieutenant,https://fallout.fandom.com/wiki/Lieutenant,Unity,Male,"Super mutant, (, Cyborg, )","Commander of the Unity's military, Overseer of, Mariposa Military Base, Right-hand of the, Master",,Deceased
Fallout 1,Lieutenant's guard,https://fallout.fandom.com/wiki/Lieutenant%27s_guard,Lieutenant,,Super mutant,Lieutenant's bodyguards,,
Fallout 1,Lisa (Fallout),https://fallout.fandom.com/wiki/Lisa_(Fallout),Vault 13,Female,Human,Vault dweller,,
Fallout 1,Little person,https://fallout.fandom.com/wiki/Little_person,,,,,,
Fallout 1,Lorraine,https://fallout.fandom.com/wiki/Lorraine,Sammael,Female,Human,Scav,,
Fallout 1,Lorri (Fallout),https://fallout.fandom.com/wiki/Lorri_(Fallout),Brotherhood of Steel,Female,Human,Doctor,,
Fallout 1,Lorri's assistant,https://fallout.fandom.com/wiki/Lorri%27s_assistant,"Brotherhood of Steel, Dr. Lorri",,Human,Assistant,,
Fallout 1,Lucy (Fallout),https://fallout.fandom.com/wiki/Lucy_(Fallout),Master,Female,"Human, psyker","Telekinetic-dominant psyker, Minor photo kinetic psyker",,
Fallout 1,Lyle,https://fallout.fandom.com/wiki/Lyle,Vault 13,Male,Human,Vault inhabitant,,
Fallout 1,MacRae,https://fallout.fandom.com/wiki/MacRae,Blades,Male,Human,"Unarmed combat trainer, Guard",,
Fallout 1,Mad scientist (Fallout),https://fallout.fandom.com/wiki/Mad_scientist_(Fallout),Master,,Human,Scientist,,
Fallout 1,Marcelles,https://fallout.fandom.com/wiki/Marcelles,,Female,Human,"Crash House, 's owner",,
Fallout 1,Mary (Lost Hills),https://fallout.fandom.com/wiki/Mary_(Lost_Hills),Brotherhood of Steel,Female,Human,Leader,,
Fallout 1,Mary (Vault 13),https://fallout.fandom.com/wiki/Mary_(Vault_13),Vault 13,Female,Human,Vault dweller,,
Fallout 1,Master,https://fallout.fandom.com/wiki/Master,"Vault City, (formerly), Unity, Children of the Cathedral",Male (formerly),"Posthuman, cybernetic, FEV, mutant, (, psychic, )","Doctor (formerly), Mutant leader, Primary, Fallout, antagonist, End game boss",,Deceased
Fallout 1,Mathia,https://fallout.fandom.com/wiki/Mathia,Brotherhood of Steel,Female,Human,"John Maxson, 's assistant, Bodyguard",,
Fallout 1,Max Stone,https://fallout.fandom.com/wiki/Max_Stone,Vault 13,Male,Human,Player character,,
Fallout 1,John Maxson,https://fallout.fandom.com/wiki/John_Maxson,Brotherhood of Steel,Male,Human,Leader,,
Fallout 1,Michael (Blades),https://fallout.fandom.com/wiki/Michael_(Blades),Blades,Male,Human,Gang members,,
Fallout 1,Michael (Brotherhood),https://fallout.fandom.com/wiki/Michael_(Brotherhood),Brotherhood of Steel,Male,Human,"Quartermaster, Repairman",,
Fallout 1,Miles (Fallout),https://fallout.fandom.com/wiki/Miles_(Fallout),Adytum,Male,Human,"Chemist, [, 1, ]",,
Fallout 1,Moat guard,https://fallout.fandom.com/wiki/Moat_guard,Gun Runners,Male,Human,Guard,,
Fallout 1,Morbid,https://fallout.fandom.com/wiki/Morbid,"Junktown, Iguana Bob Frazier, Gretch, (assistant)",Male,Human,"Junktown's, doctor, Teacher",,
Fallout 1,Morpheus,https://fallout.fandom.com/wiki/Morpheus,"Rippers, (formerly), Doomsday cult (formerly), Children of the Cathedral",Male,Human,Cult leader,,
Fallout 1,Natalia Dubrovhsky,https://fallout.fandom.com/wiki/Natalia_Dubrovhsky,Vault 13,Female,Human,Player character,,
Fallout 1,Neal,https://fallout.fandom.com/wiki/Neal,,Male,Human,"Skum Pitt, owner",,
Fallout 1,Nicole (Fallout),https://fallout.fandom.com/wiki/Nicole_(Fallout),Followers of the Apocalypse,Female,Human,Leader,,
Fallout 1,Nightkin sentry,https://fallout.fandom.com/wiki/Nightkin_sentry,Unity,,Nightkin,"Morpheus, ' guards",,
Fallout 1,Officer (Vault 13),https://fallout.fandom.com/wiki/Officer_(Vault_13),Vault 13 overseer,Female or male,Human,Vault security officer,,
Fallout 1,Paladin (Fallout),https://fallout.fandom.com/wiki/Paladin_(Fallout),Brotherhood of Steel,"Male, Female",Human,Soldiers,,
Fallout 1,Paul (Fallout),https://fallout.fandom.com/wiki/Paul_(Fallout),Brotherhood of Steel,Male,Human,"Weapons engineer, Repairman",,
Fallout 1,Petrox,https://fallout.fandom.com/wiki/Petrox,Khans,Male,Human,Khans' supplier,,
Fallout 1,Phil (Junktown),https://fallout.fandom.com/wiki/Phil_(Junktown),Junktown,Male,Human,Citizen,,
Fallout 1,Praying Child of the Cathedral,https://fallout.fandom.com/wiki/Praying_Child_of_the_Cathedral,Unity,,Human,Praying children,,
Fallout 1,Praying super mutant,https://fallout.fandom.com/wiki/Praying_super_mutant,Unity,,Super mutant,Praying mutant,,
Fallout 1,Prisoner (Fallout),https://fallout.fandom.com/wiki/Prisoner_(Fallout),Master,"Male, Female",Human,Scientist,,
Fallout 1,Psyker,https://fallout.fandom.com/wiki/Psyker,"The, Master",,,,,
Fallout 1,Rachael (Fallout),https://fallout.fandom.com/wiki/Rachael_(Fallout),Brotherhood of Steel,Female,Human,Leader,,
Fallout 1,Razlo,https://fallout.fandom.com/wiki/Razlo,Shady Sands,Male,Human,Doctor,,
Fallout 1,Razlo's wife,https://fallout.fandom.com/wiki/Razlo%27s_wife,Shady Sands,Female,Human,,,
Fallout 1,Razor (character),https://fallout.fandom.com/wiki/Razor_(character),"Blades, Circle of Thieves, (formerly)",Female,Human,"Leader of the Blades, Thief (formerly)",,
Fallout 1,Regulator (Fallout),https://fallout.fandom.com/wiki/Regulator_(Fallout),"Caleb, (, Regulators","Male, Female",Human,Police officers,,
Fallout 1,Rhombus,https://fallout.fandom.com/wiki/Rhombus,Brotherhood of Steel,Male,Human,Head of the paladins and knights,,
Fallout 1,Roulette dealer (Fallout),https://fallout.fandom.com/wiki/Roulette_dealer_(Fallout),,"Male, Female",Human,Roulette dealer,,
Fallout 1,Sally (Fallout),https://fallout.fandom.com/wiki/Sally_(Fallout),Unity,"Female, [, 1, ]",Super mutant,Guard,,
Fallout 1,Sammael,https://fallout.fandom.com/wiki/Sammael,Scavs,Male,Human,Scavs' leader,,
Fallout 1,Sandy (Fallout),https://fallout.fandom.com/wiki/Sandy_(Fallout),Vault 13,Female,Human,Vault dweller,,
Fallout 1,Sarah (Mariposa),https://fallout.fandom.com/wiki/Sarah_(Mariposa),Flip,Female,Human,Prisoner,,
Fallout 1,Sasha,https://fallout.fandom.com/wiki/Sasha,,,Dog,Tradition,,
Fallout 1,Saul (Fallout),https://fallout.fandom.com/wiki/Saul_(Fallout),Gizmo,Male,Human,Boxer,,
Fallout 1,Scribe (Fallout),https://fallout.fandom.com/wiki/Scribe_(Fallout),Brotherhood of Steel,"Male, Female",Human,Scientists,,
Fallout 1,Set,https://fallout.fandom.com/wiki/Set,Necropolis,Male,Ghoul,Leader of Necropolis,,Deceased
Fallout 1,Set's bodyguard,https://fallout.fandom.com/wiki/Set%27s_bodyguard,Set,Male,Ghoul,Bodyguard,,
Fallout 1,Seth,https://fallout.fandom.com/wiki/Seth,"Shady Sands, New California Rangers",Male,Human,Leader of the guard,,"Missing, presumed dead"
Fallout 1,Shady Sands citizen (Fallout),https://fallout.fandom.com/wiki/Shady_Sands_citizen_(Fallout),Shady Sands,"Male, Female",Human,Citizen,,
Fallout 1,Shady Sands guard,https://fallout.fandom.com/wiki/Shady_Sands_guard,Shady Sands,Male,Human,Guard,,
Fallout 1,Shady Sands peasant,https://fallout.fandom.com/wiki/Shady_Sands_peasant,Shady Sands,"Male, Female",Human,Farmer,,
Fallout 1,Shark,https://fallout.fandom.com/wiki/Shark,Skulz,Male,Human,Gang member,,
Fallout 1,Sherry,https://fallout.fandom.com/wiki/Sherry,"Skulz, Gizmo",Female,Human,Gang member,,
Fallout 1,Shopkeeper,https://fallout.fandom.com/wiki/Shopkeeper,Master,Male,Human,Merchant,,
Fallout 1,Sinthia,https://fallout.fandom.com/wiki/Sinthia,Gizmo,Female,Human,Prostitute,,
Fallout 1,Skulz ganger,https://fallout.fandom.com/wiki/Skulz_ganger,"Skulz, Gizmo","Male, Female",Human,Ganger,,
Fallout 1,Skum Pitt barfly,https://fallout.fandom.com/wiki/Skum_Pitt_barfly,Skum Pitt,Male,Human,Drunk,,
Fallout 1,Slummer,https://fallout.fandom.com/wiki/Slummer,Children of the Cathedral,Male,Human,Guard,,
Fallout 1,Smitty (Adytum),https://fallout.fandom.com/wiki/Smitty_(Adytum),Boneyard,Male,Human,Weapon's shop,,
Fallout 1,Sophia,https://fallout.fandom.com/wiki/Sophia,Brotherhood of Steel,Female,Human,"Historian, Instructor",,
Fallout 1,Stacy (Fallout),https://fallout.fandom.com/wiki/Stacy_(Fallout),Vault 13,Female,Human,Vault dweller,,
Fallout 1,Stupid mutant,https://fallout.fandom.com/wiki/Stupid_mutant,Master's Army,,Super mutant,Guard,,
Fallout 1,Super mutant sergeant,https://fallout.fandom.com/wiki/Super_mutant_sergeant,,,,,,
Fallout 1,Super mutant soldier (Fallout),https://fallout.fandom.com/wiki/Super_mutant_soldier_(Fallout),,,,,,
Fallout 1,Susan,https://fallout.fandom.com/wiki/Susan,Vault 13,Female,Human,Vault dweller,,
Fallout 1,Talius,https://fallout.fandom.com/wiki/Talius,"Vault 13, (formerly), Followers of the Apocalypse",Male,FEV mutant,,,
Fallout 1,Talus,https://fallout.fandom.com/wiki/Talus,Brotherhood of Steel,Male,Human,Training supervisor,,
Fallout 1,Tandi,https://fallout.fandom.com/wiki/Tandi,"Shady Sands, New California Republic",Female,Human,President,,
Fallout 1,Terry (Fallout),https://fallout.fandom.com/wiki/Terry_(Fallout),Unity,Female,Super mutant,Supplies overseer,,
Fallout 1,Theresa (Fallout),https://fallout.fandom.com/wiki/Theresa_(Fallout),Rebel faction,Female,Human,Vault dweller,,
Fallout 1,Thomas (Lost Hills),https://fallout.fandom.com/wiki/Thomas_(Lost_Hills),Brotherhood of Steel,Male,Human,"Initiate combat instructor, Soldier",,
Fallout 1,Thug (Fallout),https://fallout.fandom.com/wiki/Thug_(Fallout),Chris Avellone,"Male, Female",Human,Thug,,
Fallout 1,Tine Taylor,https://fallout.fandom.com/wiki/Tine_Taylor,Adytum,Male,Human,Merchant,,
Fallout 1,Tolya,https://fallout.fandom.com/wiki/Tolya,Khans,Male,Human,"Cook, Thief",,
Fallout 1,Ton Barracus,https://fallout.fandom.com/wiki/Ton_Barracus,"Children of the Cathedral, Dead Dog gang, (formerly)",Male,"FEV, mutant",Cultist,,
Fallout 1,Trish (Fallout),https://fallout.fandom.com/wiki/Trish_(Fallout),Junktown,Female,Human,Waitress,,
Fallout 1,Tycho,https://fallout.fandom.com/wiki/Tycho,"Desert Rangers, Vault Dweller",Male,Human,"Companion, Desert Ranger",,
Fallout 1,Upset vault dweller,https://fallout.fandom.com/wiki/Upset_vault_dweller,Vault 13,"Male, Female",Human,Rebel Vault dweller,,
Fallout 1,Van Hagan,https://fallout.fandom.com/wiki/Van_Hagan,"Children of the Cathedral, Unity",Male,Human,"Messenger, Cult member",,
Fallout 1,Vault 13 citizen,https://fallout.fandom.com/wiki/Vault_13_citizen,Vault 13 overseer,"Male, Female",Human,Citizen,,
Fallout 1,Vault 13 medic,https://fallout.fandom.com/wiki/Vault_13_medic,Vault 13,Male,Human,Doctor,,
Fallout 1,Vault 13 overseer,https://fallout.fandom.com/wiki/Vault_13_overseer,Vault 13,Male,Human,Overseer,,Deceased
Fallout 1,Vault 13 rebels,https://fallout.fandom.com/wiki/Vault_13_rebels,,,,,,
Fallout 1,Vault Dweller,https://fallout.fandom.com/wiki/Vault_Dweller,"Vault 13, Arroyo, Brotherhood of Steel, (optional)","Player-choice (gameplay), Male (canon), [, 2, ], [, 3, ], [, 4, ], [, 5, ], [, 6, ], [, 7, ], [, 8, ], Ambiguous (commentary), [, Non-game 2, ]","Human, Super mutant, (optional), [, 1, ]","Player character, Initiate, (optional)",,
Fallout 1,Victor (Fallout),https://fallout.fandom.com/wiki/Victor_(Fallout),Skulz,Male,Human,Gang member,,
Fallout 1,Vincent (Fallout),https://fallout.fandom.com/wiki/Vincent_(Fallout),Unity,Male,Super mutant,Guard,,
Fallout 1,Vinnie (Fallout),https://fallout.fandom.com/wiki/Vinnie_(Fallout),Skulz,Male,Human,Gang leader,,
Fallout 1,Viola,https://fallout.fandom.com/wiki/Viola,Children of the Cathedral,Female,Human,Preacher,,
Fallout 1,Viscious,https://fallout.fandom.com/wiki/Viscious,Unity,Male,Super mutant,Operations overseer,,
Fallout 1,Vree,https://fallout.fandom.com/wiki/Vree,Brotherhood of Steel,Female,Human,Scientist,,
Fallout 1,Water guard,https://fallout.fandom.com/wiki/Water_guard,Vault 13,Male,Human,Guard,,
Fallout 1,Water thief,https://fallout.fandom.com/wiki/Water_thief,Vault 13,Male,Human,Water thief,,
Fallout 1,Wiggum,https://fallout.fandom.com/wiki/Wiggum,"The, Master",Male,"Human, psyker",Electrokinetic-dominant psyker,,
Fallout 1,Wu,https://fallout.fandom.com/wiki/Wu,Children of the Cathedral,Male,Human,Cathedral's doctor,,
Fallout 1,Zack (Fallout),https://fallout.fandom.com/wiki/Zack_(Fallout),Gun Runners,Male,Human,Merchant,,
Fallout 1,Zark,https://fallout.fandom.com/wiki/Zark,Children of the Cathedral,Male,Human,Member,,
Fallout 1,ZAX 1.2,https://fallout.fandom.com/wiki/ZAX_1.2,"United States Armed Forces, (pre-War)",,"ZAX, supercomputer","Research, Control",,
Fallout 2,Fallout 2 characters,https://fallout.fandom.com/wiki/Fallout_2_characters,,,,,,
Fallout 2,Fallout 2 doctors,https://fallout.fandom.com/wiki/Fallout_2_doctors,,,,,,
Fallout 2,Fallout 2 merchants,https://fallout.fandom.com/wiki/Fallout_2_merchants,,,,,,
Fallout 2,A. Ron Meyers,https://fallout.fandom.com/wiki/A._Ron_Meyers,"Tanker vagrants, Enclave, (formerly)",Male,Human,"Captain of the, PMV Valdez",,
Fallout 2,ACE,https://fallout.fandom.com/wiki/ACE,Brotherhood of Steel,,Computer,Advanced medical computer,,
Fallout 2,AHS-7,https://fallout.fandom.com/wiki/AHS-7,Hubologists,Male,Human,"AHS-9, 's second in command",,
Fallout 2,AHS-9,https://fallout.fandom.com/wiki/AHS-9,Hubologists,Male,Human,"Hubology, cult leader",,
Fallout 2,Aidan,https://fallout.fandom.com/wiki/Aidan,Slaver's Guild,Male,Human,Bodyguard,,
Fallout 2,Aileen,https://fallout.fandom.com/wiki/Aileen,Anti-mutant conspiracy,Female,Human,Chemist,,
Fallout 2,Aldo,https://fallout.fandom.com/wiki/Aldo,,Male,Human,"Town greeter, New player guide",,
Fallout 2,Algernon,https://fallout.fandom.com/wiki/Algernon,Eldridge,Male,Human,Weaponsmith,,
Fallout 2,Amanda,https://fallout.fandom.com/wiki/Amanda,Joshua,Female,Human,"Vault City, outsider",,
Fallout 2,Amenities aide,https://fallout.fandom.com/wiki/Amenities_aide,Randal,Male,Human,Store clerk,,
Fallout 2,Great Ananias,https://fallout.fandom.com/wiki/Great_Ananias,,Male,Human,Con man,,
Fallout 2,Andrew (Fallout 2),https://fallout.fandom.com/wiki/Andrew_(Fallout_2),Andrew's clinic,Male,Human,Doctor,,
Fallout 2,Angel-Eyes,https://fallout.fandom.com/wiki/Angel-Eyes,"Mercenary raiders, Bishops, Blondie, Tuco",Male,Human,Mercenary,,
Fallout 2,Angela Bishop,https://fallout.fandom.com/wiki/Angela_Bishop,Bishops,Female,Human,Neglected daughter,,
Fallout 2,Anna Winslow,https://fallout.fandom.com/wiki/Anna_Winslow,,Female,"Human, (formerly), Ghost",Ghastly apparition,,
Fallout 2,Arch Dornan,https://fallout.fandom.com/wiki/Arch_Dornan,Enclave Department of the Army,Male,Human,Drill Sergeant,,
Fallout 2,Ardin Buckner,https://fallout.fandom.com/wiki/Ardin_Buckner,,Female,Human,"Buckner House, owner",,
Fallout 2,Ariel,https://fallout.fandom.com/wiki/Ariel,Vault 13,Female,Human,Resident,,
Fallout 2,Arroyo elder,https://fallout.fandom.com/wiki/Arroyo_elder,Arroyo,Female,Human,"Leader of Arroyo, Mother of the, Chosen One",,
Fallout 2,Arroyo hunter,https://fallout.fandom.com/wiki/Arroyo_hunter,Arroyo,Male,Human,Hunter,,
Fallout 2,Arroyo villager,https://fallout.fandom.com/wiki/Arroyo_villager,Arroyo,"Male, Female",Human,Arroyo citizen,,
Fallout 2,Arroyo warrior,https://fallout.fandom.com/wiki/Arroyo_warrior,Arroyo,"Male, Female",Human,Warrior,,
Fallout 2,Ascorti,https://fallout.fandom.com/wiki/Ascorti,Redding,Male,Human,Mayor of Redding,,
Fallout 2,Ascorti guard,https://fallout.fandom.com/wiki/Ascorti_guard,Ascorti,Male,Human,Guard,,
Fallout 2,Athabaska Dick,https://fallout.fandom.com/wiki/Athabaska_Dick,Morningstar mine,Male,Human,Miner,,
Fallout 2,Baddog,https://fallout.fandom.com/wiki/Baddog,Darion,,Dog,"Attack dog, Pet",,
Fallout 2,Badger (Fallout 2),https://fallout.fandom.com/wiki/Badger_(Fallout_2),Tanker vagrants,Male,Human,Information retrieval specialist,,
Fallout 2,Balthas,https://fallout.fandom.com/wiki/Balthas,Modoc,Male,Human,Tanner,,
Fallout 2,Balthas' wife,https://fallout.fandom.com/wiki/Balthas%27_wife,Modoc,Female,Human,Tanner,,
Fallout 2,Bank guard,https://fallout.fandom.com/wiki/Bank_guard,Broken Hills,,Super mutant,Jail guards,,
Fallout 2,Bar patron (Fallout 2),https://fallout.fandom.com/wiki/Bar_patron_(Fallout_2),Vault City,Male,Human,Bar patrons,,
Fallout 2,Barkus,https://fallout.fandom.com/wiki/Barkus,Vault City,Male,Human,Vault City Servant Coordinator,,
Fallout 2,Bath attendant,https://fallout.fandom.com/wiki/Bath_attendant,Sally Dunton,Female,Human,"Bath ""attendant""",,
Fallout 2,Becky's door guard,https://fallout.fandom.com/wiki/Becky%27s_door_guard,"Becky, Becky's guard",Male,Human,,,
Fallout 2,Becky's guard,https://fallout.fandom.com/wiki/Becky%27s_guard,"Becky, Becky's door guard","Male, Female",Human,Guards,,
Fallout 2,Ben Wade,https://fallout.fandom.com/wiki/Ben_Wade,Vault City,Male,Human,Caravan master,,
Fallout 2,Bess (Fallout 2),https://fallout.fandom.com/wiki/Bess_(Fallout_2),,Female,Brahmin,Lame brahmin,,
Fallout 2,Biff (Fallout 2),https://fallout.fandom.com/wiki/Biff_(Fallout_2),Modoc,Male,Human,Substitute butcher,,
Fallout 2,Big Jesus Mordino,https://fallout.fandom.com/wiki/Big_Jesus_Mordino,Mordinos,Male,Human,Head of the Mordino family,,
Fallout 2,Bill (Broken Hills),https://fallout.fandom.com/wiki/Bill_(Broken_Hills),Broken Hills,Male,Human,Caravan master,,
Fallout 2,Bill (New Reno),https://fallout.fandom.com/wiki/Bill_(New_Reno),New Reno,Male,Human,Bar patron,,
Fallout 2,Bill (Vault 15),https://fallout.fandom.com/wiki/Bill_(Vault_15),Vault 15 Squatters,Male,Human,Squatter,,
Fallout 2,Billy (Fallout 2),https://fallout.fandom.com/wiki/Billy_(Fallout_2),The Hole,Male,Human,"Pimp, Bar patron",,
Fallout 2,Bishop's bodyguard,https://fallout.fandom.com/wiki/Bishop%27s_bodyguard,John Bishop,Male,Human,Bodyguard,,
Fallout 2,Bishop's man,https://fallout.fandom.com/wiki/Bishop%27s_man,John Bishop,Male,Human,Guards,,
Fallout 2,Blasphemous Bette,https://fallout.fandom.com/wiki/Blasphemous_Bette,Morningstar Mine,Female,Human,Brawling miner,,
Fallout 2,Blondie,https://fallout.fandom.com/wiki/Blondie,"Mercenary raiders, Bishops, Tuco, Angel-Eyes",Male,Human,Mercenary,,
Fallout 2,Bo (Fallout 2),https://fallout.fandom.com/wiki/Bo_(Fallout_2),Modoc,Male,Human,Substitute Justice of the Peace,,
Fallout 2,Bob (tree),https://fallout.fandom.com/wiki/Bob_(tree),"Harold, Treeminders",,FEV tree,Harold's friend,,
Fallout 2,Boxer (Fallout 2),https://fallout.fandom.com/wiki/Boxer_(Fallout_2),"Stuart Little, New Reno",Male,Human,Boxers,,
Fallout 2,Boxing fan,https://fallout.fandom.com/wiki/Boxing_fan,"New Reno, Boxers","Male, Female",Human,Spectators,,
Fallout 2,Brain (mole rat),https://fallout.fandom.com/wiki/Brain_(mole_rat),Gecko,,"Sentient albino, mole rat",Cult leader,,
Fallout 2,Brian (Fallout 2),https://fallout.fandom.com/wiki/Brian_(Fallout_2),Broken Hills,Male,Ghoul,Nuclear technician,,
Fallout 2,Broken Hills citizen,https://fallout.fandom.com/wiki/Broken_Hills_citizen,Broken Hills,"Male, Female",Human,Citizen,,
Fallout 2,Buck (Fallout 2),https://fallout.fandom.com/wiki/Buck_(Fallout_2),Eldridge,,Dog,Guard dog,,
Fallout 2,Buck Dunton,https://fallout.fandom.com/wiki/Buck_Dunton,"Klamath, Dunton family",Male,Human,"Shop owner, Merchant",,
Fallout 2,Buster,https://fallout.fandom.com/wiki/Buster,,Male,Human,Merchant,,
Fallout 2,Buster's guard,https://fallout.fandom.com/wiki/Buster%27s_guard,Buster,Male,Human,Bodyguards,,
Fallout 2,Cal,https://fallout.fandom.com/wiki/Cal,Tanker vagrants,Male,Human,Merchant,,
Fallout 2,Cameron (Arroyo),https://fallout.fandom.com/wiki/Cameron_(Arroyo),Arroyo,Male,Human,"Warrior, Arroyo, citizen",,
Fallout 2,Caminetto,https://fallout.fandom.com/wiki/Caminetto,Kokoweef Mine,Male,Human,Brawling miner,,
Fallout 2,Carlson's guard,https://fallout.fandom.com/wiki/Carlson%27s_guard,Frank Carlson,Male,Human,Bodyguards,,
Fallout 2,Carlson's kid,https://fallout.fandom.com/wiki/Carlson%27s_kid,Frank Carlson,Male,Human,Child,,
Fallout 2,Cash tender,https://fallout.fandom.com/wiki/Cash_tender,Ascorti,Male,Human,Cashier,,
Fallout 2,Casino bouncer,https://fallout.fandom.com/wiki/Casino_bouncer,"Bishops, Mordinos",Male,Human,Casino bouncer,,
Fallout 2,Casino girl,https://fallout.fandom.com/wiki/Casino_girl,,Female,Human,Game leaders,,
Fallout 2,Casino patron,https://fallout.fandom.com/wiki/Casino_patron,New Reno,"Male, Female",Human,Patron,,
Fallout 2,Cat's Paw girl,https://fallout.fandom.com/wiki/Cat%27s_Paw_girl,"New Reno, Miss Kitty",Female,Human,Prostitute,,
Fallout 2,Chad (Fallout 2),https://fallout.fandom.com/wiki/Chad_(Fallout_2),Broken Hills,Male,Human,Caravan master,,
Fallout 2,Charles Curling,https://fallout.fandom.com/wiki/Charles_Curling,Enclave Research and Development Division,Male,Human,Scientist,,
Fallout 2,Charlie (Fallout 2),https://fallout.fandom.com/wiki/Charlie_(Fallout_2),Vault City,Male,Human,Vault City citizen,,
Fallout 2,Chicken (deathclaw),https://fallout.fandom.com/wiki/Chicken_(deathclaw),Rose,Female,Deathclaw,Egg layer,,
Fallout 2,Child (Fallout 2),https://fallout.fandom.com/wiki/Child_(Fallout_2),,"Male, Female",Human,,,
Fallout 2,Chip,https://fallout.fandom.com/wiki/Chip,Tanker vagrants,Male,Human,Tanker vagrant,,
Fallout 2,Chop Shop mechanic,https://fallout.fandom.com/wiki/Chop_Shop_mechanic,Bishops,Male,Human,"Techie, Thug",,
Fallout 2,Chosen One,https://fallout.fandom.com/wiki/Chosen_One,"Arroyo, Optional:, Bishops, Hubologists, Mordinos, NCR Rangers, Salvatores, Shi, Slaver's Guild, Vault City, Wrights",Player's choice,"Human, Cyborg, (optional)",Player character,,
Fallout 2,Chris (Fallout 2),https://fallout.fandom.com/wiki/Chris_(Fallout_2),Enclave,Male,Human,"Gas station attendant, Enclave overwatch/sentry",,
Fallout 2,Chrissy,https://fallout.fandom.com/wiki/Chrissy,Vault 15 Squatters,Female,Human,Squatter,,
Fallout 2,Christopher Wright,https://fallout.fandom.com/wiki/Christopher_Wright,Wrights,Male,Human,Still overseer,,
Fallout 2,Chuck Dunton,https://fallout.fandom.com/wiki/Chuck_Dunton,"Klamath, Dunton family",Male,Human,"Shop owner, Merchant",,
Fallout 2,Chuck Stodgers,https://fallout.fandom.com/wiki/Chuck_Stodgers,None,Male,Human,Cultural reference,,
Fallout 2,Citizen prisoner,https://fallout.fandom.com/wiki/Citizen_prisoner,,"Male, Female",Human,Citizens,,
Fallout 2,Cody,https://fallout.fandom.com/wiki/Cody,,Male,Human,Orphan,,
Fallout 2,Coffin Willie,https://fallout.fandom.com/wiki/Coffin_Willie,,Male,Ghoul,Buried groaner,,
Fallout 2,Commander's door guard,https://fallout.fandom.com/wiki/Commander%27s_door_guard,"Enclave, Navarro base commander",Male,Human,Sentry,,
Fallout 2,Cookie (Navarro),https://fallout.fandom.com/wiki/Cookie_(Navarro),Enclave,Male,Human,Cook,,
Fallout 2,Cornelius,https://fallout.fandom.com/wiki/Cornelius,Rose's Bed and Breakfast,Male,Human,B&B manager,,
Fallout 2,Corsican Brothers,https://fallout.fandom.com/wiki/Corsican_Brothers,Mordinos,Male,Human,Porn businessmen,,
Fallout 2,Corsican Brothers' bodyguard,https://fallout.fandom.com/wiki/Corsican_Brothers%27_bodyguard,Corsican Brothers,Female,Human,Guard,,
Fallout 2,Craps dealer,https://fallout.fandom.com/wiki/Craps_dealer,Rebecca Dyer,"Male, Female",Human,Craps game leader,,
Fallout 2,Crashed vertibird robot,https://fallout.fandom.com/wiki/Crashed_vertibird_robot,"Enclave, (formerly)",,"Mister Handy, robot",Enemy,,
Fallout 2,Crocket,https://fallout.fandom.com/wiki/Crocket,Hubologists,Male,Human,Head scientist,,
Fallout 2,Curtis (Fallout 2),https://fallout.fandom.com/wiki/Curtis_(Fallout_2),,Male,Human,Child,,
Fallout 2,Dalia,https://fallout.fandom.com/wiki/Dalia,"Vault 13, Vault 15",Female,Human,"Darion, 's henchman, Vault 13 resident",,
Fallout 2,Dan (Fallout 2),https://fallout.fandom.com/wiki/Dan_(Fallout_2),Broken Hills,Male,Human,Worried spouse,,
Fallout 2,Dan McGrew,https://fallout.fandom.com/wiki/Dan_McGrew,New Reno,Male,Human,Morningstar Mine owner,,
Fallout 2,Dan's wife (Fallout 2),https://fallout.fandom.com/wiki/Dan%27s_wife_(Fallout_2),,Female,Human,Corpse,,
Fallout 2,Daniel Bird,https://fallout.fandom.com/wiki/Daniel_Bird,Enclave,Male,Human,Volunteer test subject and executive office holder,,
Fallout 2,Dar (Fallout 2),https://fallout.fandom.com/wiki/Dar_(Fallout_2),"Gruthar, 's pack",Male,Intelligent deathclaw,Brood guardian,,
Fallout 2,Darion,https://fallout.fandom.com/wiki/Darion,New Khans,Male,Human,Leader,,
Fallout 2,Darion's personal guard,https://fallout.fandom.com/wiki/Darion%27s_personal_guard,Darion,Male,Human,"Raider, Bodyguard",,
Fallout 2,Darrow,https://fallout.fandom.com/wiki/Darrow,Vault City,Female,Human,Merchant,,
Fallout 2,Dave (Fallout 2),https://fallout.fandom.com/wiki/Dave_(Fallout_2),,Male,Human,Vault dweller,,
Fallout 2,Dave Handy,https://fallout.fandom.com/wiki/Dave_Handy,Hubologists,Male,Human,"Hubologist recruiter, Hacker",,
Fallout 2,Davin,https://fallout.fandom.com/wiki/Davin,"Modoc, Chosen One",Male,Human,Slaughterhouse supervisor and potential husband,,
Fallout 2,Den addict,https://fallout.fandom.com/wiki/Den_addict,The Den,"Male, Female",Human,Chem addict,,
Fallout 2,Den customer,https://fallout.fandom.com/wiki/Den_customer,The Den,Male,Human,Bar customers,,
Fallout 2,Den orphan child,https://fallout.fandom.com/wiki/Den_orphan_child,The Den,"Male, Female",Human,,,
Fallout 2,Derek (Fallout 2),https://fallout.fandom.com/wiki/Derek_(Fallout_2),The Den,Male,Human,Citizen,,
Fallout 2,Desperado bartender,https://fallout.fandom.com/wiki/Desperado_bartender,Mordinos,Male,Human,Bartender,,
Fallout 2,Dick Richardson,https://fallout.fandom.com/wiki/Dick_Richardson,Enclave,Male,Human,President,,
Fallout 2,Dobbs,https://fallout.fandom.com/wiki/Dobbs,U.S. Army,Male,Human,Soldier,,
Fallout 2,Dock kid,https://fallout.fandom.com/wiki/Dock_kid,San Francisco,"Male, Female",Human,Squatters,,
Fallout 2,Dorothy (Fallout 2),https://fallout.fandom.com/wiki/Dorothy_(Fallout_2),New California Republic,Female,Human,Engineer,,
Fallout 2,Dragon (Fallout 2),https://fallout.fandom.com/wiki/Dragon_(Fallout_2),"Lo Pan, Shi",Male,Human,Martial artist,,
Fallout 2,Dumont,https://fallout.fandom.com/wiki/Dumont,New California Republic,Male,Human,Sheriff,,
Fallout 2,Duppo,https://fallout.fandom.com/wiki/Duppo,"New California Republic, Stockmen's Association",Male,Human,Head of the Stockmen's Association,,
Fallout 2,Dusty (Fallout 2),https://fallout.fandom.com/wiki/Dusty_(Fallout_2),NCR,Male,Human,Bartender,,
Fallout 2,Earl Marion,https://fallout.fandom.com/wiki/Earl_Marion,"Redding, NCR",Male,Human,Sheriff,,
Fallout 2,Ed (Fallout 2),https://fallout.fandom.com/wiki/Ed_(Fallout_2),Vault City,Male,Human,"Brahmin, dealer",,
Fallout 2,Eldridge,https://fallout.fandom.com/wiki/Eldridge,New Reno,Male,Human,Merchant,,
Fallout 2,Elise,https://fallout.fandom.com/wiki/Elise,New California Republic Rangers,Female,Human,Ranger chief,,
Fallout 2,Elmo,https://fallout.fandom.com/wiki/Elmo,"Unity, (formerly)",,Super mutant,Town drunk,,
Fallout 2,Enclave citizen,https://fallout.fandom.com/wiki/Enclave_citizen,Enclave,"Male, Female",Human,Enclave civilians,,
Fallout 2,Enclave communications officer,https://fallout.fandom.com/wiki/Enclave_communications_officer,Enclave Department of the Army,Male,Human,Communications officer,,
Fallout 2,Enclave Control Company,https://fallout.fandom.com/wiki/Enclave_Control_Company,Enclave Department of the Army,,Human,Enclave perimeter defense,,
Fallout 2,Enclave gate guard,https://fallout.fandom.com/wiki/Enclave_gate_guard,Enclave,Male,Human,"Navarro, gate guard",,
Fallout 2,Enclave scientist (Fallout 2),https://fallout.fandom.com/wiki/Enclave_scientist_(Fallout_2),Enclave Research and Development Division,Male,Human,Scientist,,
Fallout 2,Enclave soldier (Fallout 2),https://fallout.fandom.com/wiki/Enclave_soldier_(Fallout_2),Enclave Department of the Army,"Male, Female",Human,Light infantry,,
Fallout 2,Enclave specialist,https://fallout.fandom.com/wiki/Enclave_specialist,Enclave,Male,Human,Enclave technician,,
Fallout 2,Enclave technician,https://fallout.fandom.com/wiki/Enclave_technician,Enclave,,Human,Enclave technicians,,
Fallout 2,Enlightened One,https://fallout.fandom.com/wiki/Enlightened_One,Hubologists,Female,Human,Hubologist preacher,,
Fallout 2,Enrico Savinelli,https://fallout.fandom.com/wiki/Enrico_Savinelli,New Reno,Male,Human,Caravan driver,,
Fallout 2,Eric (Broken Hills),https://fallout.fandom.com/wiki/Eric_(Broken_Hills),Broken Hills,Male,Ghoul,Citizen,,
Fallout 2,Ethyl Wright,https://fallout.fandom.com/wiki/Ethyl_Wright,"Wrights, Temperance Union",Female,Human,Matriarch,,
Fallout 2,Evan Holyfeld,https://fallout.fandom.com/wiki/Evan_Holyfeld,"Stuart Little, Mark Torrance",Male,Human,Boxer,,
Fallout 2,Fannie Mae,https://fallout.fandom.com/wiki/Fannie_Mae,Redding,Female,Human,Prostitute,,
Fallout 2,Farrel,https://fallout.fandom.com/wiki/Farrel,Cornelius,Male,Human,Impoverished farmer,,
Fallout 2,Feargus (Arroyo),https://fallout.fandom.com/wiki/Feargus_(Arroyo),Arroyo,Male,Human,"Tribesman, Citizen",,
Fallout 2,Feargus (NCR),https://fallout.fandom.com/wiki/Feargus_(NCR),Darion,Male,Human,"New Khans, spy",,
Fallout 2,Felix (Fallout 2),https://fallout.fandom.com/wiki/Felix_(Fallout_2),NCR,Male,Human,Ranch foreman,,
Fallout 2,Female punk,https://fallout.fandom.com/wiki/Female_punk,Tanker vagrants,Female,Human,Vagrants,,
Fallout 2,Ferndown,https://fallout.fandom.com/wiki/Ferndown,Caravan merchants,Male,Human,Driver,,
Fallout 2,Festus (Fallout 2),https://fallout.fandom.com/wiki/Festus_(Fallout_2),Gecko,Male,Ghoul,Foreman,,
Fallout 2,Feuding couple,https://fallout.fandom.com/wiki/Feuding_couple,"Master's Army, (formerly), Broken Hills","Male, Female",Super mutant,Mutant couple,,
Fallout 2,Flick,https://fallout.fandom.com/wiki/Flick,The Den,Male,Human,"General store owner, Merchant",,
Fallout 2,Fluffer,https://fallout.fandom.com/wiki/Fluffer,Corsican Brothers,Female,Human,"""Warm-up"" girls",,
Fallout 2,Franc,https://fallout.fandom.com/wiki/Franc,Anti-mutant conspiracy,Male,Human,Prisoner,,
Fallout 2,Francis (Fallout 2),https://fallout.fandom.com/wiki/Francis_(Fallout_2),"Unity, (formerly), Broken Hills",Male,Super mutant,Citizen,,
Fallout 2,Frank Carlson,https://fallout.fandom.com/wiki/Frank_Carlson,New California Republic,Male,Human,Vice President of the NCR,,
Fallout 2,Frank Horrigan,https://fallout.fandom.com/wiki/Frank_Horrigan,Secret Service,Male,"Human, (formerly), Super mutant, (, Cyborg, )","Enclave, Secret Service agent, Endgame boss",,Deceased
Fallout 2,Frankie (Fallout 2),https://fallout.fandom.com/wiki/Frankie_(Fallout_2),The Den,Male,Human,Bar owner,,
Fallout 2,Fred (Fallout 2),https://fallout.fandom.com/wiki/Fred_(Fallout_2),,Male,Human,Junkie,,
Fallout 2,Frenchy,https://fallout.fandom.com/wiki/Frenchy,"Sims, ,, Paine",Male,Human,Street singer,,
Fallout 2,Frog Morton,https://fallout.fandom.com/wiki/Frog_Morton,Morton family,Male,Human,Gang leader,,
Fallout 2,Fung,https://fallout.fandom.com/wiki/Fung,Shi,Male,Human,Doctor,,
Fallout 2,Gecko citizen,https://fallout.fandom.com/wiki/Gecko_citizen,Gecko,Male,Ghoul,Citizen,,
Fallout 2,Ghost Farm child,https://fallout.fandom.com/wiki/Ghost_Farm_child,Slags,"Male, Female",Human,,,
Fallout 2,Gimpy Jim,https://fallout.fandom.com/wiki/Gimpy_Jim,Klamath,Male,Human,Trapper,,
Fallout 2,Gond,https://fallout.fandom.com/wiki/Gond,"Unity, (formerly), New California Republic Rangers",Male,Super mutant,,,
Fallout 2,Gordon (Gecko),https://fallout.fandom.com/wiki/Gordon_(Gecko),Renewal,Male,Ghoul,Opportunist,,
Fallout 2,Gordon (Vault 13),https://fallout.fandom.com/wiki/Gordon_(Vault_13),Vault 13,Male,Human,Shrine keeper,,
Fallout 2,Goris,https://fallout.fandom.com/wiki/Goris,,Male,Deathclaw,"Scholar, Companion, (optional)",,
Fallout 2,Granite,https://fallout.fandom.com/wiki/Granite,Enclave Department of the Army,"Male, [, 1, ]",Human,"Enclave Control Company, leader",,
Fallout 2,Grant (Fallout 2),https://fallout.fandom.com/wiki/Grant_(Fallout_2),NCR police,Male,Human,Entry guard,,
Fallout 2,Gregory (Fallout 2),https://fallout.fandom.com/wiki/Gregory_(Fallout_2),Vault City,Male,Human,"Aide to, First Citizen",,
Fallout 2,Grisham,https://fallout.fandom.com/wiki/Grisham,Modoc,Male,Human,Butcher,,
Fallout 2,Grundel,https://fallout.fandom.com/wiki/Grundel,"Unity, (formerly)",Male,"Super mutant, (2nd generation)",Hungry super mutant,,
Fallout 2,Gruthar,https://fallout.fandom.com/wiki/Gruthar,"Enclave, (formerly), Gruthar's pack",Male,Talking deathclaw,Leader,,
Fallout 2,Guard captain,https://fallout.fandom.com/wiki/Guard_captain,NCR,Female,Human,Guard,,
Fallout 2,Gunther (Fallout 2),https://fallout.fandom.com/wiki/Gunther_(Fallout_2),New California Republic,Male,Human,Aide to President Tandi,,
Fallout 2,Hakunin,https://fallout.fandom.com/wiki/Hakunin,Arroyo,Male,Human,Village shaman,,
Fallout 2,Hal,https://fallout.fandom.com/wiki/Hal,,Male,Human,,,
Fallout 2,Hank (Fallout 2),https://fallout.fandom.com/wiki/Hank_(Fallout_2),Gecko,Male,Ghoul,Reactor maintenance,,
Fallout 2,Happy Harry,https://fallout.fandom.com/wiki/Happy_Harry,,Male,Human,Shopkeeper,,
Fallout 2,Harold,https://fallout.fandom.com/wiki/Harold,"Treeminders, Bob",Male,"FEV, mutant, Numen","Informant, Foreman, [, 1, ], of Gecko, Treeminder deity",,
Fallout 2,Harry (Fallout 2),https://fallout.fandom.com/wiki/Harry_(Fallout_2),Hubologists,Male,Human,Chief rocket technician,,
Fallout 2,Henchman,https://fallout.fandom.com/wiki/Henchman,Broken Hills,"Male, Female",Human,Mercenary,,
Fallout 2,Henry,https://fallout.fandom.com/wiki/Henry,"Enclave Research and Development Division, Jacobstown, Enclave remnants",Male,CaucasianOldAged,Scientist,,
Fallout 2,Herb,https://fallout.fandom.com/wiki/Herb,"The, Dragon",Male,Human,"Martial artist, Opponent Chosen One",,
Fallout 2,Holden,https://fallout.fandom.com/wiki/Holden,Vault City,Male,Human,"Randal, 's assistant",,
Fallout 2,Holliday,https://fallout.fandom.com/wiki/Holliday,Broken Hills,Male,Human,Doctor,,
Fallout 2,Hoss (Fallout 2),https://fallout.fandom.com/wiki/Hoss_(Fallout_2),,Male,Human,"Tandi, 's son",,
Fallout 2,Hubologist guard,https://fallout.fandom.com/wiki/Hubologist_guard,Hubologists,"Male, Female",Human,Guard,,
Fallout 2,Imbot,https://fallout.fandom.com/wiki/Imbot,Lo Pan,Male,Human,"Martial artist, Opponent Chosen One",,
Fallout 2,Jack (Fallout 2),https://fallout.fandom.com/wiki/Jack_(Fallout_2),New California Republic,Male,Human,Policeman,,
Fallout 2,Jackpot Jane,https://fallout.fandom.com/wiki/Jackpot_Jane,"Redding, ,, Mining Camp",Female,Human,Fight manager,,
Fallout 2,Jacob the Chemist,https://fallout.fandom.com/wiki/Jacob_the_Chemist,Anti-mutant conspiracy,Male,Human,Chemist,,
Fallout 2,Jagged Jimmy J,https://fallout.fandom.com/wiki/Jagged_Jimmy_J,New Reno,Male,Human,Jet dealer,,
Fallout 2,James Hoffy,https://fallout.fandom.com/wiki/James_Hoffy,Redding,Male,Human,Caravan master,,
Fallout 2,Jenna,https://fallout.fandom.com/wiki/Jenna,Tanker vagrants,Female,Human,Merchant,,
Fallout 2,Jenny (Fallout 2),https://fallout.fandom.com/wiki/Jenny_(Fallout_2),None,Female,Human,"Bath attendant, Prostitute",,
Fallout 2,Jeremy (Fallout 2),https://fallout.fandom.com/wiki/Jeremy_(Fallout_2),Gecko,Male,Ghoul,Supply cabinet chief,,
Fallout 2,Jet whore,https://fallout.fandom.com/wiki/Jet_whore,Tubby,Female,Human,"Slave, Jet, addicts",,
Fallout 2,Jimmy (San Francisco),https://fallout.fandom.com/wiki/Jimmy_(San_Francisco),"The, Dragon",Male,Human,"Martial artist, Chosen One's opponent",,
Fallout 2,Jimmy (Vault 13),https://fallout.fandom.com/wiki/Jimmy_(Vault_13),"Gruthar, 's pack",Male,Human,Resident technician,,
Fallout 2,Jing Tie Gahng,https://fallout.fandom.com/wiki/Jing_Tie_Gahng,Shi,Male,Human,Head of Chemistry Department,,
Fallout 2,Jo (Fallout 2),https://fallout.fandom.com/wiki/Jo_(Fallout_2),Modoc,Male,Human,"Trader, Sheriff, Mayor, Justice of the Peace",,
Fallout 2,Joanne Lynette,https://fallout.fandom.com/wiki/Joanne_Lynette,Vault City,Female,Human,"First Citizen, Honorary Council Member (2242-)",,
Fallout 2,Jobe,https://fallout.fandom.com/wiki/Jobe,"The, Dragon",Male,Human,"Martial artist, Opponent Chosen One",,
Fallout 2,Joey,https://fallout.fandom.com/wiki/Joey,None,Male,Human,Chem dealer,,
Fallout 2,Joey's thug,https://fallout.fandom.com/wiki/Joey%27s_thug,Joey,"Male, Female",Human,Guard,,
Fallout 2,John (Fallout 2),https://fallout.fandom.com/wiki/John_(Fallout_2),Vault 15 Squatters,Male,Human,Squatter,,
Fallout 2,John Bishop,https://fallout.fandom.com/wiki/John_Bishop,Bishops,Male,Human,Bishop family leader,,
Fallout 2,John Cassidy,https://fallout.fandom.com/wiki/John_Cassidy,Chosen One,Male,Human,"Owner and bartender of the, Spittoon, Companion, (optional), Adventurer (formerly)",,
Fallout 2,John L. Sullivan,https://fallout.fandom.com/wiki/John_L._Sullivan,Klamath,Male,Human,Retired pugilist,,
Fallout 2,Johnson (Fallout 2),https://fallout.fandom.com/wiki/Johnson_(Fallout_2),Vault City,Male,Human,Physician of Redding,,
Fallout 2,Jones (Fallout 2),https://fallout.fandom.com/wiki/Jones_(Fallout_2),"New Khans, New California Republic, (formerly), Vault City, (formerly)",Male,Human,Doctor,,
Fallout 2,Jonny,https://fallout.fandom.com/wiki/Jonny,Laddie,Male,Human,Child,,
Fallout 2,Joqq,https://fallout.fandom.com/wiki/Joqq,Stuart Little,Male,Human,Boxer,,
Fallout 2,Jordan,https://fallout.fandom.com/wiki/Jordan,Arroyo,Male,Human,"Tribesman, Warrior",,
Fallout 2,Joseph (Fallout 2),https://fallout.fandom.com/wiki/Joseph_(Fallout_2),Vault 13,Male,Human,"Herbalist, Doctor",,
Fallout 2,Josh Laurence,https://fallout.fandom.com/wiki/Josh_Laurence,Redding,Male,Human,Bartender,,
Fallout 2,Joshua (Den),https://fallout.fandom.com/wiki/Joshua_(Den),Brotherhood of Steel,Male,Human,Sentry,,
Fallout 2,Joshua (Vault City),https://fallout.fandom.com/wiki/Joshua_(Vault_City),Vault City,Male,Human,Servant candidate,,
Fallout 2,Juan Cruz,https://fallout.fandom.com/wiki/Juan_Cruz,"Hubologists, Vikki Goldman",Male,Human,"New Reno, film star",,
Fallout 2,Jubilee,https://fallout.fandom.com/wiki/Jubilee,"New California Republic Hospital, ,, NCR Downtown",Male,Human,Doctor,,
Fallout 2,Jul,https://fallout.fandom.com/wiki/Jul,"Gruthar, 's pack",Male,Talking deathclaw,Brood guardian,,
Fallout 2,Jules (Fallout 2),https://fallout.fandom.com/wiki/Jules_(Fallout_2),None,Male,Human,"Drug dealer, Informant",,
Fallout 2,Jungle Gym ring announcer,https://fallout.fandom.com/wiki/Jungle_Gym_ring_announcer,New Reno,Male,Human,Announcer,,
Fallout 2,Jungle Gym ring girl,https://fallout.fandom.com/wiki/Jungle_Gym_ring_girl,Ring announcer,Female,Human,Showing rounds and eye catcher,,
Fallout 2,Junkie (Fallout 2),https://fallout.fandom.com/wiki/Junkie_(Fallout_2),,"Male, Female",Human,Junkies,,
Fallout 2,K-9,https://fallout.fandom.com/wiki/K-9,"West Coast Enclave, Dr. Schreber",Male,Cyberdog,Companion,,
Fallout 2,Karl (Den),https://fallout.fandom.com/wiki/Karl_(Den),Modoc,Male,Human,Runaway farmer,,
Fallout 2,Karl (NCR),https://fallout.fandom.com/wiki/Karl_(NCR),NCR police,Male,Human,Deputy,,
Fallout 2,Karla (Fallout 2),https://fallout.fandom.com/wiki/Karla_(Fallout_2),New Khans,Female,Human,Raider,,
Fallout 2,Keeng Ra'at,https://fallout.fandom.com/wiki/Keeng_Ra%27at,,Male,"Sentient albino, mole rat",Leader,,
Fallout 2,Keith Wright,https://fallout.fandom.com/wiki/Keith_Wright,Wrights,Male,Human,Mansion watchman,,
Fallout 2,Ken Lee,https://fallout.fandom.com/wiki/Ken_Lee,Shi,Male,Human,Shi leader,,
Fallout 2,Kerith,https://fallout.fandom.com/wiki/Kerith,"Gruthar, 's pack",Female,Talking deathclaw,Mother,,
Fallout 2,Kevin (Fallout 2),https://fallout.fandom.com/wiki/Kevin_(Fallout_2),Enclave,Male,Human,Mechanic,,
Fallout 2,Khan raider (Fallout 2),https://fallout.fandom.com/wiki/Khan_raider_(Fallout_2),Darion,"Male, Female",Human,Raider,,
Fallout 2,Klamath child,https://fallout.fandom.com/wiki/Klamath_child,,"Male, Female",Human,Citizen,,
Fallout 2,Klamath citizen,https://fallout.fandom.com/wiki/Klamath_citizen,Klamath,"Male, Female",Human,Citizen,,
Fallout 2,Klamath trapper,https://fallout.fandom.com/wiki/Klamath_trapper,,"Male, Female",Human,Trapper,,
Fallout 2,Klint,https://fallout.fandom.com/wiki/Klint,"Arroyo, tribals",Male,Human,Temple guard,,
Fallout 2,Kohl,https://fallout.fandom.com/wiki/Kohl,Vault City,Male,Human,Chief Librarian,,
Fallout 2,Laddie,https://fallout.fandom.com/wiki/Laddie,Jonny,Male,Dog,Pet,,
Fallout 2,Lao Chou,https://fallout.fandom.com/wiki/Lao_Chou,Shi,Male,Human,"Flying Dragon 8, owner",,
Fallout 2,Lara (Fallout 2),https://fallout.fandom.com/wiki/Lara_(Fallout_2),Metzger,Female,Human,Gang leader,,
Fallout 2,Lara's ganger,https://fallout.fandom.com/wiki/Lara%27s_ganger,Lara,"Male, Female",Human,Gang member,,
Fallout 2,Leanne,https://fallout.fandom.com/wiki/Leanne,The Den,Female,Human,Bar patron,,
Fallout 2,Lenny (Gecko),https://fallout.fandom.com/wiki/Lenny_(Gecko),"Gecko, Chosen One, (optional)",Male,Ghoul,"Companion, Doctor",,
Fallout 2,Lenny (NCR),https://fallout.fandom.com/wiki/Lenny_(NCR),"Master's Army, (formerly)",,Super mutant,Barfly,,
Fallout 2,Leslie Anne Bishop,https://fallout.fandom.com/wiki/Leslie_Anne_Bishop,Bishops,Female,Human,,,
Fallout 2,Lil' Jesus Mordino,https://fallout.fandom.com/wiki/Lil%27_Jesus_Mordino,Mordinos,Male,Human,Right hand man,,
Fallout 2,Little person,https://fallout.fandom.com/wiki/Little_person,,,,,,
Fallout 2,Liz,https://fallout.fandom.com/wiki/Liz,Anti-mutant conspiracy,Female,Human,"Shopkeeper, Weapons smuggler",,
Fallout 2,Lo Pan,https://fallout.fandom.com/wiki/Lo_Pan,"The Dragon, Shi",Male,Human,Martial artist,,
Fallout 2,Loopal,https://fallout.fandom.com/wiki/Loopal,Lo Pan,Male,Human,"Martial artist, Opponent",,
Fallout 2,Louis Salvatore,https://fallout.fandom.com/wiki/Louis_Salvatore,Salvatores,Male,Human,Head of the Salvatore Family,,
Fallout 2,Louise,https://fallout.fandom.com/wiki/Louise,,Female,Human,"Bar owner, Bartender",,
Fallout 2,Lucas (Fallout 2),https://fallout.fandom.com/wiki/Lucas_(Fallout_2),Arroyo,Male,Human,"Tribesman, Warrior",,
Fallout 2,Luke (Fallout 2),https://fallout.fandom.com/wiki/Luke_(Fallout_2),Brotherhood of Steel,Male,Human,Sentry,,
Fallout 2,Lumpy (Broken Hills),https://fallout.fandom.com/wiki/Lumpy_(Broken_Hills),Broken Hills,Male,Ghoul,Traveller,,
Fallout 2,Lumpy (Gecko),https://fallout.fandom.com/wiki/Lumpy_(Gecko),"Gecko, Skeeter",Male,Human,Supply cabinet chief,,
Fallout 2,Lydia (Fallout 2),https://fallout.fandom.com/wiki/Lydia_(Fallout_2),Vault City,Female,Human,Bartender,,
Fallout 2,Mai Da Chiang,https://fallout.fandom.com/wiki/Mai_Da_Chiang,Shi,Male,Human,"Red 888 Guns, owner",,
Fallout 2,Maida Buckner,https://fallout.fandom.com/wiki/Maida_Buckner,"Klamath, Buckner family",Female,Human,Merchant,,
Fallout 2,Manson,https://fallout.fandom.com/wiki/Manson,Anti-mutant conspiracy,Male,Human,Prisoner,,
Fallout 2,Marc (Den),https://fallout.fandom.com/wiki/Marc_(Den),"The Den, Tyler",Male,Human,Guard,,
Fallout 2,Marc (San Francisco),https://fallout.fandom.com/wiki/Marc_(San_Francisco),Tanker vagrants,Male,Human,Tanker vagrant,,
Fallout 2,Marcus,https://fallout.fandom.com/wiki/Marcus,"Unity, (? - 2162), Broken Hills, (2185 - 2242), Chosen One, (2241 - 2242), Black Mountain, (2277 - 2278), Jacobstown, (2278 - present)",,"Mariposa super mutant, (1st generation)","Sheriff, [, 1, ], (formerly), Mayor, Companion (formerly)",,
Fallout 2,Marge LeBarge,https://fallout.fandom.com/wiki/Marge_LeBarge,Kokoweef Mine,Female,Human,Mine owner,,
Fallout 2,Marjorie Reed,https://fallout.fandom.com/wiki/Marjorie_Reed,Mordinos,Female,Human,"Myron, 's lead researcher",,
Fallout 2,Mark Torrance,https://fallout.fandom.com/wiki/Mark_Torrance,"Stuart Little, Evan Holyfeld",Male,Human,Boxer,,
Fallout 2,Martin (Fallout 2),https://fallout.fandom.com/wiki/Martin_(Fallout_2),Vault City,Male,Human,"Servant, Supply guard",,
Fallout 2,Martin Frobisher,https://fallout.fandom.com/wiki/Martin_Frobisher,Vault 13,Male,Human,Spokesman,,
Fallout 2,Mary Smith,https://fallout.fandom.com/wiki/Mary_Smith,Vault City,Female,Human,Wife,,
Fallout 2,Mason (Fallout 2),https://fallout.fandom.com/wiki/Mason_(Fallout_2),Salvatores,Male,Human,"Guard, Louis Salvatore's assistant",,
Fallout 2,Master Khung,https://fallout.fandom.com/wiki/Master_Khung,Lo Pan,Male,Human,"Martial artist, Opponent",,
Fallout 2,Master Krall,https://fallout.fandom.com/wiki/Master_Krall,Lo Pan,Male,Human,"Martial artist, Opponent",,
Fallout 2,Master Rube,https://fallout.fandom.com/wiki/Master_Rube,The Dragon,Male,Human,"Martial artist, Opponent",,
Fallout 2,Master Ziggy,https://fallout.fandom.com/wiki/Master_Ziggy,"The, Dragon",Male,Human,"Martial artist, Opponent",,
Fallout 2,Masticator,https://fallout.fandom.com/wiki/Masticator,Stuart Little,Male,Human,Boxer,,
Fallout 2,Matt (Vault 13),https://fallout.fandom.com/wiki/Matt_(Vault_13),,Male,Human,Prisoner,,
Fallout 2,Matthew (Fallout 2),https://fallout.fandom.com/wiki/Matthew_(Fallout_2),Brotherhood of Steel,Male,Human,Intelligence operative,,
Fallout 2,McClure,https://fallout.fandom.com/wiki/McClure,Vault City,Male,Human,"Senior Council Member, First Citizen (2242-)",,
Fallout 2,Melchior,https://fallout.fandom.com/wiki/Melchior,"Redding, (formerly)",Male,Super mutant,Super mutant leader,,
Fallout 2,Melchior Jr.,https://fallout.fandom.com/wiki/Melchior_Jr.,Redding,Male,Human,Orphan,,
Fallout 2,Melinda (Fallout 2),https://fallout.fandom.com/wiki/Melinda_(Fallout_2),Vault City,Female,Human,Chief Greeting Officer,,
Fallout 2,Mercenary raider,https://fallout.fandom.com/wiki/Mercenary_raider,Bishops,Male,Human,Mercenary,,
Fallout 2,Merk,https://fallout.fandom.com/wiki/Merk,,Male,Human,Criminal leader,,
Fallout 2,Merk's guard,https://fallout.fandom.com/wiki/Merk%27s_guard,Merk,Male,Human,Bodyguards,,
Fallout 2,Metzger,https://fallout.fandom.com/wiki/Metzger,Slaver's Guild,Male,Human,"Head of the Slavers Guild, [, 1, ], Slave master of the Den, [, 2, ]",,
Fallout 2,Metzger's room guard,https://fallout.fandom.com/wiki/Metzger%27s_room_guard,Metzger,Male,Human,Room guard,,
Fallout 2,Micky (Fallout 2),https://fallout.fandom.com/wiki/Micky_(Fallout_2),,Male,Human,Treasure hunter,,
Fallout 2,Mikey Frazier,https://fallout.fandom.com/wiki/Mikey_Frazier,,Male,Human,Iguana vendor,,
Fallout 2,Mira,https://fallout.fandom.com/wiki/Mira,Merk,Female,Human,Rawhide Saloon bartender,,
Fallout 2,Miria,https://fallout.fandom.com/wiki/Miria,"Modoc, Chosen One",Female,Human,Butcher assistant and potential wife,,
Fallout 2,Miss Kitty,https://fallout.fandom.com/wiki/Miss_Kitty,"Independent, New Reno, entrepreneur",Female,Human,Owner and proprietor,,
Fallout 2,Missy,https://fallout.fandom.com/wiki/Missy,Eldridge,,Dog,Guard dog,,
Fallout 2,Modjeska,https://fallout.fandom.com/wiki/Modjeska,,Female,Human,Political expert,,
Fallout 2,Modoc townsperson,https://fallout.fandom.com/wiki/Modoc_townsperson,Modoc,"Male, Female",Human,Citizen,,
Fallout 2,Modoc trader,https://fallout.fandom.com/wiki/Modoc_trader,Modoc,"Male, Female",Human,Trader,,
Fallout 2,Mom (Fallout 2),https://fallout.fandom.com/wiki/Mom_(Fallout_2),The Den,Female,Human,Diner owner,,
Fallout 2,Mordino's man,https://fallout.fandom.com/wiki/Mordino%27s_man,Big Jesus Mordino,Male,Human,Guards,,
Fallout 2,Morlis,https://fallout.fandom.com/wiki/Morlis,Arroyo,Female,Human,"Aunt of the, Chosen One",,
Fallout 2,Mutant miner,https://fallout.fandom.com/wiki/Mutant_miner,"Broken Hills Residential, Zaius",,Super mutant,Mine workers,,
Fallout 2,Mynoc,https://fallout.fandom.com/wiki/Mynoc,"The Canyon, ,, Arroyo",Male,Human,"Bridge guard, Tribesman",,
Fallout 2,Myron,https://fallout.fandom.com/wiki/Myron,"Mordinos, Chosen One, (optional)",Male,Human,"Mordino Family pharmacologist, Jet, ""creator"", Companion, (optional)",,
Fallout 2,Myron's guard,https://fallout.fandom.com/wiki/Myron%27s_guard,Mordinos,Male,Human,Guard,,
Fallout 2,Nagor,https://fallout.fandom.com/wiki/Nagor,"Arroyo, Smoke",Male,Human,Tribesman,,
Fallout 2,Navarro base commander,https://fallout.fandom.com/wiki/Navarro_base_commander,Enclave Department of the Army,Male,Human,Commander,,
Fallout 2,NCR gate guard,https://fallout.fandom.com/wiki/NCR_gate_guard,NCR town,Male,Human,Gate guard,,
Fallout 2,NCR policeman,https://fallout.fandom.com/wiki/NCR_policeman,NCR police,Male,Human,Law enforcement,,
Fallout 2,NCR Ranger (Fallout 2),https://fallout.fandom.com/wiki/NCR_Ranger_(Fallout_2),New California Republic Rangers,"Male, Female",Human,Abolitionists,,
Fallout 2,NCR slave,https://fallout.fandom.com/wiki/NCR_slave,Vortis,"Male, Female",Human,Slave,,
Fallout 2,NCR slave guard,https://fallout.fandom.com/wiki/NCR_slave_guard,Vortis,Male,Human,Guard,,
Fallout 2,New Reno drug dealer,https://fallout.fandom.com/wiki/New_Reno_drug_dealer,New Reno,Male,Human,Citizen,,
Fallout 2,New Reno prostitute,https://fallout.fandom.com/wiki/New_Reno_prostitute,"New Reno, Pimps",Female,Human,Prostitute,,
Fallout 2,New Reno slave,https://fallout.fandom.com/wiki/New_Reno_slave,New Reno,"Male, Female",Human,Work detail (liquor and Jet production),,
Fallout 2,Nording,https://fallout.fandom.com/wiki/Nording,Stanwell,Male,Human,Pay-off man,,
Fallout 2,Obidiah Hakeswill,https://fallout.fandom.com/wiki/Obidiah_Hakeswill,Morningstar Mine,Male,Human,Prostitute mutilator,,
Fallout 2,Old Man McGee,https://fallout.fandom.com/wiki/Old_Man_McGee,New Reno,Male,Human,Casino patron,,
Fallout 2,Orville Wright,https://fallout.fandom.com/wiki/Orville_Wright,Wrights,Male,Human,Head of the family,,
Fallout 2,Oswald,https://fallout.fandom.com/wiki/Oswald,Darion,Male,Human,Spy,,
Fallout 2,Outsider prisoner,https://fallout.fandom.com/wiki/Outsider_prisoner,Vault City,"Male, Female",Human,Hapless victims,,
Fallout 2,Packard,https://fallout.fandom.com/wiki/Packard,Eldridge,,Dog,Guard dog,,
Fallout 2,Paine,https://fallout.fandom.com/wiki/Paine,"Frenchy, ,, Sims",Male,Human,Street singer,,
Fallout 2,Palace guard,https://fallout.fandom.com/wiki/Palace_guard,Shi,Male,Human,Guard,,
Fallout 2,Parlor Room bartender,https://fallout.fandom.com/wiki/Parlor_Room_bartender,Vault City,Male,Human,Bartender,,
Fallout 2,Percy Crump,https://fallout.fandom.com/wiki/Percy_Crump,Gecko,Male,Ghoul,Shopkeeper,,
Fallout 2,Pete McKneely,https://fallout.fandom.com/wiki/Pete_McKneely,"Stuart Little, Tony Gunn",Male,Human,Boxer,,
Fallout 2,Phil (Broken Hills),https://fallout.fandom.com/wiki/Phil_(Broken_Hills),Broken Hills,Male,Ghoul,Bartender,,
Fallout 2,Phil (Khans),https://fallout.fandom.com/wiki/Phil_(Khans),New Khans,Male,Human,Guard,,
Fallout 2,Phyllis,https://fallout.fandom.com/wiki/Phyllis,"Vault City, Dr. Troy",Female,Human,Resident medical assistant,,
Fallout 2,Pimp,https://fallout.fandom.com/wiki/Pimp,New Reno,Male,Human,Advertisers,,
Fallout 2,Porn actress,https://fallout.fandom.com/wiki/Porn_actress,Corsican Brothers,Female,Human,Porn actresses,,
Fallout 2,Pretty Boy Lloyd,https://fallout.fandom.com/wiki/Pretty_Boy_Lloyd,None,Male,Human,Thief,,
Fallout 2,Professor,https://fallout.fandom.com/wiki/Professor,Professor's radscorpion,Male,Human,Mad scientist,,
Fallout 2,Professor's radscorpion,https://fallout.fandom.com/wiki/Professor%27s_radscorpion,Professor,,Radscorpion,Test subject,,
Fallout 2,Punk,https://fallout.fandom.com/wiki/Punk,"Tanker vagrants, Female punk",Male,Human,Generic characters,,
Fallout 2,Quartermaster (Fallout 2),https://fallout.fandom.com/wiki/Quartermaster_(Fallout_2),Enclave Department of the Army,Male,Human,Quartermaster/Gunny,,
Fallout 2,Quincy (Fallout 2),https://fallout.fandom.com/wiki/Quincy_(Fallout_2),Enclave,Male,Human,Head mechanic,,
Fallout 2,Ramirez (Fallout 2),https://fallout.fandom.com/wiki/Ramirez_(Fallout_2),Mordinos,Male,Human,"Stables, overseer",,
Fallout 2,Randal (Fallout 2),https://fallout.fandom.com/wiki/Randal_(Fallout_2),Vault City,Male,Human,"Chief, Amenities officer",,
Fallout 2,Ratch,https://fallout.fandom.com/wiki/Ratch,None,Male,Human,Car mechanic,,
Fallout 2,Rattray,https://fallout.fandom.com/wiki/Rattray,Doc Johnson,Male,Human,Doc Johnson's assistant,,
Fallout 2,Raul (Fallout 2),https://fallout.fandom.com/wiki/Raul_(Fallout_2),Enclave,Male,Human,Vertibird mechanic,,
Fallout 2,Rawhide Saloon barfly,https://fallout.fandom.com/wiki/Rawhide_Saloon_barfly,NCR Bazaar,"Male, Female",Human,Bar patrons,,
Fallout 2,Reactor guard,https://fallout.fandom.com/wiki/Reactor_guard,Gecko,Male,Ghoul,Guard,,
Fallout 2,Rebecca (Vault 15),https://fallout.fandom.com/wiki/Rebecca_(Vault_15),Vault 15 Squatters,Female,Human,Squatter,,
Fallout 2,Rebecca Dyer,https://fallout.fandom.com/wiki/Rebecca_Dyer,"Becky's Casino Bar, The Den",Female,Human,Bar owner,,
Fallout 2,Redding citizen,https://fallout.fandom.com/wiki/Redding_citizen,Redding,"Male, Female",Human,"Citizen, Mineworker, Farmer, Alcoholic",,
Fallout 2,Redding gambler,https://fallout.fandom.com/wiki/Redding_gambler,Redding,"Male, Female",Human,,,
Fallout 2,Refinery supervisor,https://fallout.fandom.com/wiki/Refinery_supervisor,Broken Hills,Male,Glowing one,Uranium supervisor,,
Fallout 2,Renesco,https://fallout.fandom.com/wiki/Renesco,Salvatores,Male,Human,Merchant,,
Fallout 2,Renewal cult ghoul,https://fallout.fandom.com/wiki/Renewal_cult_ghoul,Renewal,Male,Ghoul,Cultists,,
Fallout 2,Reno townsfolk,https://fallout.fandom.com/wiki/Reno_townsfolk,New Reno,"Male, Female",Human,Citizen,,
Fallout 2,Roberta,https://fallout.fandom.com/wiki/Roberta,Vault 15 Squatters,Female,Human,Squatter,,
Fallout 2,Robodog,https://fallout.fandom.com/wiki/Robodog,,,Cyberdog,Recruitable NPC,,
Fallout 2,Roger Westin,https://fallout.fandom.com/wiki/Roger_Westin,New California Republic,Male,Human,"Councilman, Brahmin baron",,
Fallout 2,Rondo,https://fallout.fandom.com/wiki/Rondo,New California Rangers,Male,Human,Mechanic,,
Fallout 2,Rooney,https://fallout.fandom.com/wiki/Rooney,Redding,Female,Human,Widow to evict,,
Fallout 2,Rose (Fallout 2),https://fallout.fandom.com/wiki/Rose_(Fallout_2),Rose's Bed and Breakfast,Female,Human,Manager,,
Fallout 2,Sajag,https://fallout.fandom.com/wiki/Sajag,Klamath,Male,Human,"Bar owner, Merchant",,
Fallout 2,Saltbeef Bob,https://fallout.fandom.com/wiki/Saltbeef_Bob,Roger Westin,Male,Human,"Roger Westin, 's ranch hand",,
Fallout 2,Salvatore's Bar bartender,https://fallout.fandom.com/wiki/Salvatore%27s_Bar_bartender,Salvatores,Male,Human,Bartender,,
Fallout 2,Salvatore's man,https://fallout.fandom.com/wiki/Salvatore%27s_man,Salvatores,Male,Human,Guards,,
Fallout 2,Sandy (Fallout 2),https://fallout.fandom.com/wiki/Sandy_(Fallout_2),Vault 13,Female,Human,Resident,,
Fallout 2,Sara (Fallout 2),https://fallout.fandom.com/wiki/Sara_(Fallout_2),Vault 15 Squatters,Female,Human,Squatter,,
Fallout 2,Schreber,https://fallout.fandom.com/wiki/Schreber,Enclave Research and Development Division,Male,Human,"Physician, Geneticist",,
Fallout 2,Secretary (Fallout 2),https://fallout.fandom.com/wiki/Secretary_(Fallout_2),Enclave,Female,Human,Presidential secretary,,
Fallout 2,Seymour (Fallout 2),https://fallout.fandom.com/wiki/Seymour_(Fallout_2),Professor,,Spore plant,Talking plant,,
Fallout 2,Shadow-Who-Walks,https://fallout.fandom.com/wiki/Shadow-Who-Walks,"Bishops, Mercenary raiders",Male,Human,Mercenary,,
Fallout 2,Shark Club bartender,https://fallout.fandom.com/wiki/Shark_Club_bartender,Mordinos,Male,Human,Bartender,,
Fallout 2,Shark Club comedian,https://fallout.fandom.com/wiki/Shark_Club_comedian,Shark Club,Male,Human,Stand-up comedian,,
Fallout 2,Sheb,https://fallout.fandom.com/wiki/Sheb,Miss Kitty,Male,Human,"Promoter of, Cat's Paw",,
Fallout 2,Sheila (Fallout 2),https://fallout.fandom.com/wiki/Sheila_(Fallout_2),Frankie,Female,Human,Prostitute,,
Fallout 2,Shi dockworker,https://fallout.fandom.com/wiki/Shi_dockworker,San Francisco,"Male, Female",Human,Dockworkers,,
Fallout 2,Shi Emperor,https://fallout.fandom.com/wiki/Shi_Emperor,Shi,,Computer,"Emperor, Leader of the, Shi",,
Fallout 2,Shi lab tech,https://fallout.fandom.com/wiki/Shi_lab_tech,Shi,Male,Human,Lab technician,,
Fallout 2,Shi merchant,https://fallout.fandom.com/wiki/Shi_merchant,Shi,Male,Human,Merchant,,
Fallout 2,Shi townsperson,https://fallout.fandom.com/wiki/Shi_townsperson,San Francisco,"Male, Female",Human,Citizen,,
Fallout 2,Sims,https://fallout.fandom.com/wiki/Sims,"Frenchy, ,, Paine",Male,Human,Street singer,,
Fallout 2,Skeeter,https://fallout.fandom.com/wiki/Skeeter,Gecko,Male,Ghoul,Mechanic,,
Fallout 2,Skeev,https://fallout.fandom.com/wiki/Skeev,Vault City,Male,Human,"Wallace, 's assistant",,
Fallout 2,Skynet,https://fallout.fandom.com/wiki/Skynet,"United States Armed Forces, (formerly), Chosen One, (optional)",,"Artificial intelligence, Robobrain, (optional)","Advanced AI system, Companion, (optional)",,
Fallout 2,Slag citizen,https://fallout.fandom.com/wiki/Slag_citizen,Vegeir,"Male, Female","Human, Ghoul",Inhabitants,,
Fallout 2,Slag guard,https://fallout.fandom.com/wiki/Slag_guard,Slags,"Male, Female",Human,Guards,,
Fallout 2,Slave (Slaver's Guild),https://fallout.fandom.com/wiki/Slave_(Slaver%27s_Guild),Slavers,"Male, Female",Human,Slave,,
Fallout 2,Slave overseer,https://fallout.fandom.com/wiki/Slave_overseer,Slavers,Male,Human,Slave overseer,,
Fallout 2,Slaver (Slaver's Guild),https://fallout.fandom.com/wiki/Slaver_(Slaver%27s_Guild),Metzger,Male,Human,"Slavers, Metzger, 's guards",,
Fallout 2,Slim (San Francisco),https://fallout.fandom.com/wiki/Slim_(San_Francisco),Tanker vagrants,Male,Human,Bartender,,
Fallout 2,Slim Picket,https://fallout.fandom.com/wiki/Slim_Picket,"Klamath, Trappers",Male,Human,"Trapper leader, [, 1, ]",,
Fallout 2,Smiley (Fallout 2),https://fallout.fandom.com/wiki/Smiley_(Fallout_2),Trappers,Male,Human,Trapper,,
Fallout 2,Smith (Fallout 2),https://fallout.fandom.com/wiki/Smith_(Fallout_2),Vault City,Male,Human,Farmer,,
Fallout 2,Smitty (Den),https://fallout.fandom.com/wiki/Smitty_(Den),,Male,Human,,,
Fallout 2,Smitty (San Francisco),https://fallout.fandom.com/wiki/Smitty_(San_Francisco),Lo Pan,Male,Human,"Martial artist, Opponent Chosen One",,
Fallout 2,Smoke,https://fallout.fandom.com/wiki/Smoke,Nagor,Male,Dog,Pet,,
Fallout 2,Snookie,https://fallout.fandom.com/wiki/Snookie,Enclave,Female,Human,Guard,,
Fallout 2,Squatter (San Francisco),https://fallout.fandom.com/wiki/Squatter_(San_Francisco),,"Male, Female",Human,Squatters,,
Fallout 2,Stable boy,https://fallout.fandom.com/wiki/Stable_boy,,Male,Human,"Tending to, brahmin",,
Fallout 2,Stables scientist,https://fallout.fandom.com/wiki/Stables_scientist,Mordinos,"Male, Female",Human,Jet scientist,,
Fallout 2,Stacy (Fallout 2),https://fallout.fandom.com/wiki/Stacy_(Fallout_2),The Den,Female,Human,Diner owner,,
Fallout 2,Stanwell,https://fallout.fandom.com/wiki/Stanwell,New California Republic,Male,Human,Caravan driver,,
Fallout 2,Stark,https://fallout.fandom.com/wiki/Stark,Vault City guard,Male,Human,"Warden, Chief of the guard",,
Fallout 2,Steve (Broken Hills),https://fallout.fandom.com/wiki/Steve_(Broken_Hills),Broken Hills,Male,Human,Town greeter,,
Fallout 2,Steve (Vault City),https://fallout.fandom.com/wiki/Steve_(Vault_City),Vault City,Male,Human,Sub-Greeting Chief,,
Fallout 2,Stuart Little,https://fallout.fandom.com/wiki/Stuart_Little,Jungle Gym,Male,Human,Jungle Gym boss,,
Fallout 2,Suze,https://fallout.fandom.com/wiki/Suze,"Badger, - boyfriend",Female,Human,Tanker vagrant,,
Fallout 2,T-Ray,https://fallout.fandom.com/wiki/T-Ray,"New Reno, Bishops",Male,Human,"Mechanic, Thief",,
Fallout 2,Tandi,https://fallout.fandom.com/wiki/Tandi,"Shady Sands, New California Republic",Female,Human,President,,
Fallout 2,Thearn,https://fallout.fandom.com/wiki/Thearn,"Gruthar, 's pack",Male,Talking deathclaw,Brood guardian,,
Fallout 2,Thomas Moore,https://fallout.fandom.com/wiki/Thomas_Moore,New California Republic,Male,Human,"Anti-slavery activist, NCR Agent",,
Fallout 2,Tom Murray,https://fallout.fandom.com/wiki/Tom_Murray,Enclave,Male,Human,"Chairman of the, Atomic Energy Commission",,
Fallout 2,Tony Gunn,https://fallout.fandom.com/wiki/Tony_Gunn,"Stuart Little, Pete McKneely",Male,Human,Boxer,,
Fallout 2,Torr Buckner,https://fallout.fandom.com/wiki/Torr_Buckner,"Klamath, Buckner family",Male,Human,Brahmin herdsman,,
Fallout 2,Toto,https://fallout.fandom.com/wiki/Toto,"NCR, Dorothy",,Robobrain,Maintenance bot,,
Fallout 2,Town inhabitant,https://fallout.fandom.com/wiki/Town_inhabitant,New California Republic,"Male, Female",Human,Denizen,,
Fallout 2,Troy (Fallout 2),https://fallout.fandom.com/wiki/Troy_(Fallout_2),"Vault City, Phyllis",Male,Human,Doctor,,
Fallout 2,Tubby,https://fallout.fandom.com/wiki/Tubby,,Male,Human,"Drug store owner, Merchant",,
Fallout 2,Tubby's guard,https://fallout.fandom.com/wiki/Tubby%27s_guard,Tubby,Male,Human,Guards,,
Fallout 2,Tuco,https://fallout.fandom.com/wiki/Tuco,"Mercenary raiders, Bishops, Blondie, Angel-Eyes",Male,Human,Mercenary,,
Fallout 2,Tully,https://fallout.fandom.com/wiki/Tully,Temperance Union,Male,Human,Priest,,
Fallout 2,Tyler (Fallout 2),https://fallout.fandom.com/wiki/Tyler_(Fallout_2),"Metzger, Slavers",Male,Human,Gang leader,,
Fallout 2,Tyler's guard,https://fallout.fandom.com/wiki/Tyler%27s_guard,Tyler,"Male, Female",Human,Guard,,
Fallout 2,Typhon,https://fallout.fandom.com/wiki/Typhon,Broken Hills,Male,Glowing one,Citizen,,
Fallout 2,Valdis,https://fallout.fandom.com/wiki/Valdis,"Gruthar, 's pack",Male,Deathclaw,Brood guardian,,
Fallout 2,Valerie,https://fallout.fandom.com/wiki/Valerie,Vault City,Female,Human,Repairwoman,,
Fallout 2,Vault 13 prisoner,https://fallout.fandom.com/wiki/Vault_13_prisoner,Vault 13,"Male, Female",Human,Prisoner,,
Fallout 2,Vault City citizen,https://fallout.fandom.com/wiki/Vault_City_citizen,Vault City,"Male, Female",Human,Citizens,,
Fallout 2,Vault City courtyard citizen,https://fallout.fandom.com/wiki/Vault_City_courtyard_citizen,Vault City,"Male, Female",Human,Citizen,,
Fallout 2,Vault City courtyard outsider,https://fallout.fandom.com/wiki/Vault_City_courtyard_outsider,Vault City,"Male, Female",Human,Resident,,
Fallout 2,Vault City gate guard,https://fallout.fandom.com/wiki/Vault_City_gate_guard,Vault City,"Male, Female",Human,Guards of the inner city,,
Fallout 2,Vault City guard,https://fallout.fandom.com/wiki/Vault_City_guard,"Vault City, Vault City guards","Male, Female",Human,"City guards, Patrollers",,
Fallout 2,Vault City slave,https://fallout.fandom.com/wiki/Vault_City_slave,Vault City,"Male, Female",Human,Slaves,,
Fallout 2,Vegeir,https://fallout.fandom.com/wiki/Vegeir,Slags,Male,Human,Leader,,
Fallout 2,Velani,https://fallout.fandom.com/wiki/Velani,Mordinos,Male,Human,Mordino merchant,,
Fallout 2,Vic,https://fallout.fandom.com/wiki/Vic,Chosen One,Male,Human,"Trader (formerly), Mechanic, Companion",,
Fallout 2,Vic's guard,https://fallout.fandom.com/wiki/Vic%27s_guard,"Metzger, Vic",Male,Human,Prisoner guard,,
Fallout 2,Vikki Goldman,https://fallout.fandom.com/wiki/Vikki_Goldman,"Hubologists, Juan Cruz",Female,Human,"New Reno, film star",,
Fallout 2,Vortis,https://fallout.fandom.com/wiki/Vortis,Slavers,Male,Human,Slave master,,
Fallout 2,Wallace (Fallout 2),https://fallout.fandom.com/wiki/Wallace_(Fallout_2),Vault City,Male,Human,Customs Official,,
Fallout 2,Wejungh,https://fallout.fandom.com/wiki/Wejungh,Lo Pan,Male,Human,"Martial artist, Opponent Chosen One",,
Fallout 2,Whiskey Bob,https://fallout.fandom.com/wiki/Whiskey_Bob,"Trappers, Klamath",Male,Human,Drunken informant,,
Fallout 2,Wong Yi Tze,https://fallout.fandom.com/wiki/Wong_Yi_Tze,Shi,Male,Human,Head Scientist,,
Fallout 2,Woody,https://fallout.fandom.com/wiki/Woody,Gecko,Male,Ghoul,Kidnapped ghoul,,
Fallout 2,Wooz,https://fallout.fandom.com/wiki/Wooz,Gecko settlement,Male,Ghoul,Bartender,,
Fallout 2,Wright child,https://fallout.fandom.com/wiki/Wright_child,Wright family,"Male, Female",Human,Family Members,,
Fallout 2,Wright teenager,https://fallout.fandom.com/wiki/Wright_teenager,Orville Wright,"Male, Female",Human,Members,,
Fallout 2,Xarn,https://fallout.fandom.com/wiki/Xarn,"Gruthar, 's pack, Chosen One",,Talking deathclaw,Test subject,,
Fallout 2,Yellow dog,https://fallout.fandom.com/wiki/Yellow_dog,Klamath,Male,Dog,Pet,,
Fallout 2,Zaius,https://fallout.fandom.com/wiki/Zaius,"Unity, (formerly), Broken Hills",,Super mutant,"Uranium mine, foreman",,
Fallout 2,Zeke (Fallout 2),https://fallout.fandom.com/wiki/Zeke_(Fallout_2),Squatters,Male,Human,Mayor,,
Fallout 2,Zomak,https://fallout.fandom.com/wiki/Zomak,Renewal,Male,Ghoul,Guard,,
Fallout 2,Zurak,https://fallout.fandom.com/wiki/Zurak,"The, Dragon",Male,Human,"Martial artist, Chosen One's opponent",,
Fallout 3,Fallout 3 characters,https://fallout.fandom.com/wiki/Fallout_3_characters,,,,,,
Fallout 3,Fallout 3 doctors,https://fallout.fandom.com/wiki/Fallout_3_doctors,,,,,,
Fallout 3,Fallout 3 merchants,https://fallout.fandom.com/wiki/Fallout_3_merchants,,,,,,
Fallout 3,Fluffy,https://fallout.fandom.com/wiki/Fluffy,Jitters,,Radroach,Caged pets,,
Fallout 3,Godfrey,https://fallout.fandom.com/wiki/Godfrey,"Lone Wanderer, (optional)",Male programming,Mister Handy,Personal robotic butler,,
Fallout 3,Harold,https://fallout.fandom.com/wiki/Harold,"Treeminders, Bob",Male,"FEV, mutant, Numen","Informant, Foreman, [, 1, ], of Gecko, Treeminder deity",,
Fallout 3,Hooligan,https://fallout.fandom.com/wiki/Hooligan,Little Lamplight,,Dog,Guard dog,,
Fallout 3,Jitters,https://fallout.fandom.com/wiki/Jitters,Fluffy,,Radroach,Caged pets,,
Fallout 3,Masterbrain,https://fallout.fandom.com/wiki/Masterbrain,Vault-Tec,,Robobrain,,,
Fallout 3,Mister Buckingham,https://fallout.fandom.com/wiki/Mister_Buckingham,Vera Weatherly,Male programming,Mister Handy,Waiter,,
Fallout 3,Muffy,https://fallout.fandom.com/wiki/Muffy,,,Dog,Family pet,,
Fallout 3,Muttface,https://fallout.fandom.com/wiki/Muttface,,,Dog,Guard dog,,
Fallout 3,Pete (Fallout 3),https://fallout.fandom.com/wiki/Pete_(Fallout_3),Little Lamplight,,Dog,Guard dog,,
Fallout 3,Pumpkin (mole rat),https://fallout.fandom.com/wiki/Pumpkin_(mole_rat),"Ryan Brigg, Chucky, (formally)",,Mole rat,Pet,,
Fallout 3,Rex (Fallout 3),https://fallout.fandom.com/wiki/Rex_(Fallout_3),Little Lamplight,,Dog,Guard dog,,
Fallout 3,Sawbones (Fallout 3),https://fallout.fandom.com/wiki/Sawbones_(Fallout_3),Brotherhood of Steel,Male programming,Mister Gutsy,Doctor,,
Fallout 3,Sergeant RL-3,https://fallout.fandom.com/wiki/Sergeant_RL-3,"United States Armed Forces, (formerly), Tinker Joe, Lone Wanderer, (optionally)",Male programming,Mister Gutsy,"Bodyguard, Companion",,
Fallout 3,Shakes,https://fallout.fandom.com/wiki/Shakes,Tenpenny Tower,,Protectron,Bartender,,
Fallout 3,Thomas Jefferson (robot),https://fallout.fandom.com/wiki/Thomas_Jefferson_(robot),Button Gwinnett,Male programming,Protectron,"Actor, tour guide, security",,
Fallout New Vegas,Fallout: New Vegas characters,https://fallout.fandom.com/wiki/Fallout:_New_Vegas_characters,,,,,,
Fallout New Vegas,Fallout: New Vegas doctors,https://fallout.fandom.com/wiki/Fallout:_New_Vegas_doctors,,,,,,
Fallout New Vegas,Fallout: New Vegas merchants,https://fallout.fandom.com/wiki/Fallout:_New_Vegas_merchants,,,,,,
Fallout New Vegas,Marcus,https://fallout.fandom.com/wiki/Marcus,"Unity, (? - 2162), Broken Hills, (2185 - 2242), Chosen One, (2241 - 2242), Black Mountain, (2277 - 2278), Jacobstown, (2278 - present)",,"Mariposa super mutant, (1st generation)","Sheriff, [, 1, ], (formerly), Mayor, Companion (formerly)",,
Fallout 4,Fallout 4 characters,https://fallout.fandom.com/wiki/Fallout_4_characters,,,,,,
Fallout 4,Fallout 4 doctors,https://fallout.fandom.com/wiki/Fallout_4_doctors,,,,,,
Fallout 4,Fallout 4 merchants,https://fallout.fandom.com/wiki/Fallout_4_merchants,,,,,,
Fallout 76,Fallout 76 characters,https://fallout.fandom.com/wiki/Fallout_76_characters,,,,,,
Fallout 76,Fallout 76 quest companions,https://fallout.fandom.com/wiki/Fallout_76_quest_companions,,,,,,
Fallout 76,Fallout 76 vendors,https://fallout.fandom.com/wiki/Fallout_76_vendors,,,,,,
Fallout 76,Automated Voting System of Appalachia,https://fallout.fandom.com/wiki/Automated_Voting_System_of_Appalachia,Territory of Appalachia,,Computer,Automated election system,,
Fallout 76,Bottle,https://fallout.fandom.com/wiki/Bottle,"Nuka-Cola Corporation, Cappy",,,Mascot,,
Fallout 76,List of Fanatic variants,https://fallout.fandom.com/wiki/List_of_Fanatic_variants,,,,,,
